,ZONGO,TIQUIMANI,BOTIJLACA,CUTICUCHO,SANTA ROSA 1,SANTA ROSA 2,SAINANI ,CHURURAQUI,HARCA,CAHUA,HUAJI
4-Jan,,,,,,,,,,,
11-Jan,,,,,,,,,,,
18-Jan,,,,,,,,,,,
25-Jan,,,,,,,,,,,
1-Feb,0.55,0.22,1.17,2.08,,0.99,,,,,
8-Feb,0.69,0.85,1.25,1.83,,0.99,,,,,
15-Feb,0.75,0.76,0.99,1.71,,1.00,,,,,
22-Feb,0.86,1.07,0.74,1.28,,1.01,,,,,
1-Mar,0.96,1.51,0.66,1.31,,1.03,,,,,
8-Mar,1.02,1.94,0.64,1.33,,1.03,,,,,
15-Mar,0.84,0.97,0.62,2.80,,1.03,,,,,
22-Mar,0.66,0.89,0.80,1.50,,1.00,,,,,
29-Mar,0.50,0.43,1.23,1.40,,1.03,,,,,
5-Apr,0.52,0.53,1.10,1.42,,1.03,,,,,
12-Apr,0.47,0.30,1.06,1.69,,1.03,,,,,
19-Apr,0.43,0.50,1.16,1.43,,1.00,,,,,
26-Apr,0.30,0.40,1.14,1.61,,1.03,,,,,
3-May,0.30,0.32,1.11,1.75,,1.03,,,,,
10-May,0.18,0.18,0.96,1.87,,1.03,,,,,
17-May,0.15,0.12,0.74,0.88,,1.00,,,,,
24-May,0.15,0.07,0.68,1.14,,1.00,,,,,
31-May,0.16,0.04,0.65,1.13,,0.96,,,,,
7-Jun,0.21,0.04,0.56,1.01,,0.85,,,,,
14-Jun,0.18,0.02,0.57,0.97,,0.84,,,,,
21-Jun,0.12,0.05,0.47,1.00,,0.77,,,,,
28-Jun,0.19,0.04,0.44,0.84,,0.68,,,,,
5-Jul,0.10,0.14,0.46,1.01,,0.78,,,,,
12-Jul,0.10,0.07,0.35,0.92,,0.68,,,,,
19-Jul,0.13,0.12,0.31,0.86,,0.69,,,,,
26-Jul,0.27,0.14,0.23,0.74,,0.57,,,,,
2-Aug,0.15,0.21,0.27,0.83,,0.73,,,,,
9-Aug,0.12,0.21,0.24,0.81,,0.68,,,,,
16-Aug,0.15,0.11,0.20,0.71,,0.57,,,,,
23-Aug,0.13,0.16,0.24,0.65,,0.56,,,,,
30-Aug,0.16,0.17,0.26,0.65,,0.62,,,,,
6-Sep,0.36,0.22,0.39,0.81,,0.76,,,,,
13-Sep,0.34,0.18,0.57,0.93,,0.78,,,,,
20-Sep,0.24,0.25,0.51,1.09,,0.97,,,,,
27-Sep,0.30,0.25,0.03,1.07,,0.87,,,,,
4-Oct,0.29,0.16,0.45,0.97,,0.88,,,,,
11-Oct,0.37,0.23,0.49,1.09,,0.77,,,,,
18-Oct,0.41,0.50,0.67,1.23,,0.98,,,,,
25-Oct,0.31,0.34,0.61,1.32,,0.99,,,,,
1-Nov,0.56,0.53,0.83,1.15,0.17,1.27,0.10,2.80,1.81,2.45,0.89
8-Nov,0.36,0.41,0.80,1.20,0.03,1.07,0.32,3.37,1.30,2.50,0.61
15-Nov,0.35,0.01,0.81,1.02,0.02,0.54,1.02,2.29,2.01,1.96,1.43
22-Nov,0.41,0.24,0.85,1.03,0.29,0.79,0.57,2.18,1.80,4.55,7.10
29-Nov,0.63,0.66,0.63,1.18,0.19,1.43,0.21,3.82,1.02,2.71,5.93
6-Dec,0.66,0.64,0.97,1.28,0.30,1.02,0.12,3.61,1.09,2.73,5.86
13-Dec,0.28,0.37,1.14,1.49,0.16,1.02,0.12,3.72,0.90,2.77,6.06
20-Dec,0.42,0.45,1.12,1.47,0.34,1.02,0.10,3.54,1.26,2.86,6.12
27-Dec,0.53,0.55,1.08,1.45,0.15,0.99,0.36,3.67,1.13,1.42,1.80
3-Jan,0.48,0.29,1.12,1.43,0.45,1.03,0.13,3.19,1.43,2.22,1.12
10-Jan,0.58,0.26,1.21,1.79,0.07,1.03,0.13,3.60,1.09,2.42,0.53
17-Jan,0.92,1.05,0.95,1.20,0.26,0.95,0.49,3.45,1.25,2.46,0.86
24-Jan,1.22,2.35,0.60,1.27,0.25,0.86,0.40,2.50,0.91,2.11,1.00
31-Jan,0.82,1.70,0.88,1.19,0.03,0.96,0.14,3.58,0.50,2.08,1.52
7-Feb,0.61,0.46,1.70,1.23,0.26,1.17,0.28,3.76,0.03,4.00,0.62
14-Feb,0.56,0.91,1.63,1.26,0.38,1.20,0.36,3.46,0.28,3.88,1.02
21-Feb,0.72,1.12,1.07,1.03,2.14,,0.03,1.05,0.19,1.13,0.30
28-Feb,0.52,1.00,1.67,1.37,3.76,,0.11,6.09,0.65,0.43,4.83
7-Mar,0.85,1.52,1.05,1.32,,,4.53,2.60,0.60,0.54,9.38
14-Mar,0.67,0.74,1.22,1.43,,,4.44,2.81,0.68,0.71,10.64
21-Mar,0.77,1.19,1.12,1.39,,,4.52,2.62,0.70,0.56,9.77
28-Mar,0.56,0.88,1.33,1.38,,,4.44,2.46,0.46,1.48,9.46
4-Apr,0.40,0.57,1.66,1.40,,,4.48,2.45,0.52,2.96,10.21
11-Apr,0.24,0.30,1.58,1.67,,,3.94,2.73,0.51,2.23,8.40
18-Apr,0.15,0.12,1.22,1.36,,,4.52,2.43,0.81,3.08,7.72
25-Apr,0.16,0.07,1.08,1.04,,,4.12,1.88,0.75,3.98,5.40
2-May,0.29,0.08,0.98,0.82,,,3.67,1.69,0.77,3.15,3.86
9-May,0.27,0.05,0.22,1.36,,,3.19,1.76,2.22,1.64,3.92
16-May,0.18,0.03,0.80,0.56,,,2.56,1.76,2.07,0.84,2.52
23-May,0.12,0.03,0.67,0.05,,,2.20,1.73,1.95,0.65,2.12
30-May,0.13,0.03,0.61,0.31,,,2.03,1.62,1.61,0.59,1.64
6-Jun,0.16,0.10,0.51,0.34,,,0.53,1.45,1.51,0.85,0.70
13-Jun,0.17,0.09,0.47,0.34,,,0.43,1.47,1.33,0.97,1.06
20-Jun,0.17,0.06,0.48,0.29,,,0.54,1.27,1.13,0.81,0.87
27-Jun,0.13,0.01,0.41,0.23,,,0.52,1.23,0.90,0.71,0.75
4-Jul,0.12,0.01,0.38,0.24,,,0.50,1.23,0.74,0.73,0.58
11-Jul,0.17,0.01,0.42,0.19,,,0.45,1.27,0.65,0.76,0.48
18-Jul,0.16,0.01,0.38,0.20,,,0.50,1.19,0.68,0.75,0.52
25-Jul,0.20,0.03,0.38,0.19,,,0.45,1.27,0.53,0.69,0.34
1-Aug,0.31,0.07,0.37,0.22,,,0.67,1.31,0.82,1.18,0.85
8-Aug,0.08,0.01,0.37,0.20,,,0.63,1.27,0.79,1.05,1.01
15-Aug,0.12,0.06,0.36,0.22,,,0.44,1.30,0.83,0.95,1.06
22-Aug,0.24,0.02,0.36,0.18,,,0.25,1.26,0.56,0.66,0.59
29-Aug,0.15,0.04,0.34,0.19,,,0.16,1.17,0.87,0.64,0.80
5-Sep,0.13,0.02,0.33,0.20,,,0.23,1.16,0.73,0.65,0.48
12-Sep,0.09,0.05,0.34,0.33,,,0.26,1.30,1.04,0.74,0.51
19-Sep,0.10,0.03,0.37,0.47,,,0.61,1.35,1.58,1.04,0.62
26-Sep,0.11,0.01,0.36,0.38,,,0.35,1.23,0.84,0.67,0.43
3-Oct,0.18,0.02,0.36,0.34,,,0.22,1.29,0.74,0.83,0.49
10-Oct,0.22,0.02,0.36,0.30,,,0.26,1.26,0.58,0.74,0.43
17-Oct,0.40,0.06,0.42,0.43,,,0.53,1.68,1.46,1.42,0.98
24-Oct,0.54,0.04,0.46,0.34,,,0.33,1.40,0.86,1.00,0.85
31-Oct,0.35,0.08,0.50,0.65,,,0.90,1.70,1.38,1.22,0.90
7-Nov,0.45,0.31,0.87,1.36,,,0.24,0.37,4.79,1.66,2.21
14-Nov,0.57,0.31,1.03,1.32,,,1.40,1.42,3.74,1.99,2.64
21-Nov,0.45,0.16,0.60,0.85,,,0.90,1.54,2.21,4.59,2.35
28-Nov,0.65,0.04,0.52,0.60,,,0.63,1.28,0.11,2.87,1.47
5-Dec,0.75,0.10,0.54,0.56,,,0.63,1.38,0.23,2.69,2.46
12-Dec,0.82,0.10,0.54,0.61,,,0.99,1.87,0.57,3.10,2.18
19-Dec,0.66,0.53,1.06,1.62,,,1.41,3.33,2.08,3.54,4.61
26-Dec,0.86,1.00,1.23,1.66,,,1.51,3.13,1.76,2.20,1.86
2-Jan,0.88,1.65,1.59,1.39,,,1.22,3.23,1.00,2.39,2.59
9-Jan,0.89,1.76,1.51,1.02,,,1.18,3.33,1.88,3.10,1.51
16-Jan,0.68,1.56,1.73,1.34,,,1.20,3.24,1.14,3.33,1.56
23-Jan,0.75,1.28,1.46,1.21,,,1.29,3.29,1.51,3.35,1.39
30-Jan,0.67,0.85,1.32,1.23,,,1.28,3.32,1.45,3.15,1.34
6-Feb,1.09,1.55,0.07,1.48,,,1.21,3.27,2.18,2.85,1.53
13-Feb,0.69,0.68,0.82,1.61,,,1.34,3.07,1.44,3.44,1.45
20-Feb,0.50,0.68,0.48,1.24,,,1.40,1.55,1.16,3.04,1.50
27-Feb,0.46,0.16,1.15,1.34,,,1.33,2.10,1.87,2.81,1.68
5-Mar,0.39,0.26,1.57,1.51,,,1.74,2.77,3.08,2.76,7.05
12-Mar,0.58,0.23,1.21,1.31,,,1.83,3.43,3.33,2.02,5.01
19-Mar,0.67,0.33,2.66,1.85,,,1.77,5.87,2.66,3.11,8.94
26-Mar,0.56,0.57,2.25,1.74,,,1.43,5.49,2.51,2.93,8.33
2-Apr,0.39,0.29,1.24,1.29,,,1.57,3.26,3.08,2.14,4.74
9-Apr,0.32,0.14,1.18,1.17,,,1.58,2.80,3.90,1.85,4.00
16-Apr,0.18,0.18,1.48,1.21,,,1.91,3.09,3.17,1.97,4.46
23-Apr,0.28,0.08,1.03,0.91,,,1.52,2.41,3.06,1.55,3.90
30-Apr,0.16,0.10,0.68,0.79,,,1.47,1.69,4.00,0.64,3.65
7-May,0.16,0.02,0.62,0.62,,,1.05,1.55,3.21,0.57,3.27
14-May,0.18,0.02,0.59,0.67,,,0.96,1.51,2.63,1.35,2.00
21-May,0.15,0.08,0.45,0.46,,,0.86,1.61,2.66,1.54,2.78
28-May,0.16,0.03,0.50,0.46,,,0.73,1.46,2.25,1.41,2.47
4-Jun,0.12,0.04,0.46,0.35,,,0.64,1.44,1.72,0.16,1.65
11-Jun,0.11,0.01,0.46,0.33,,,0.56,1.43,1.46,1.01,1.87
18-Jun,0.12,0.06,0.39,0.29,,,0.48,1.41,1.21,0.81,1.38
25-Jun,0.08,0.06,0.38,0.26,,,0.40,1.51,1.02,0.77,1.34
2-Jul,0.03,0.02,0.34,0.27,,,0.48,1.48,1.22,0.33,2.00
9-Jul,0.07,0.00,0.28,0.22,,,0.35,1.22,0.96,0.59,1.11
16-Jul,0.18,0.04,0.00,0.84,,,0.43,1.48,1.25,1.06,1.88
23-Jul,0.04,0.02,0.34,0.29,,,0.59,1.49,1.37,0.98,1.31
30-Jul,0.08,0.02,0.32,0.26,,,0.59,1.44,1.33,0.88,1.64
6-Aug,0.10,0.02,0.30,0.21,,,0.35,1.46,1.17,0.87,1.65
13-Aug,0.09,0.08,0.29,0.21,,,0.34,1.36,0.92,0.75,1.25
20-Aug,0.19,0.17,0.45,0.80,,,1.40,1.70,2.35,1.45,1.94
27-Aug,0.17,0.09,0.35,0.39,,,0.72,1.31,1.22,0.76,0.96
3-Sep,0.20,0.07,0.55,0.42,,,0.56,1.41,1.49,0.91,1.24
10-Sep,0.28,0.10,0.41,0.54,,,1.72,1.32,1.50,0.71,0.91
17-Sep,0.25,0.01,0.34,0.37,,,0.73,1.37,1.66,1.10,1.09
24-Sep,0.20,0.10,0.34,0.49,,,1.01,1.61,1.65,1.40,1.10
1-Oct,0.24,0.18,0.46,0.65,,,1.17,1.55,2.74,1.59,1.29
8-Oct,0.33,0.17,0.49,0.78,,,1.10,1.51,5.22,1.39,1.04
15-Oct,0.55,0.05,0.50,0.67,,,1.21,1.56,3.03,1.73,1.67
22-Oct,0.51,0.09,0.57,0.75,,,1.09,1.21,3.01,1.36,1.08
29-Oct,0.70,0.09,0.58,0.65,,,0.94,1.57,2.38,1.22,1.42
5-Nov,0.53,0.25,0.85,1.22,,,1.41,2.19,2.81,1.41,2.99
12-Nov,0.72,0.16,0.85,0.80,,,1.33,1.65,3.16,1.92,1.56
19-Nov,0.48,0.16,0.81,0.91,,,1.72,1.95,3.18,1.48,1.76
26-Nov,0.60,0.12,0.59,0.81,,,1.69,1.89,3.62,1.51,1.93
3-Dec,0.88,0.11,0.54,0.72,,,1.44,1.67,3.00,1.44,1.82
10-Dec,0.87,0.74,0.94,1.48,,,1.73,2.71,2.18,2.96,2.06
17-Dec,0.62,0.44,0.94,1.33,,,1.89,3.18,1.99,2.89,1.59
24-Dec,0.56,0.36,0.81,1.47,,,2.12,2.79,2.20,3.18,1.05
7-Jan,0.66,0.60,1.05,1.76,,,1.70,2.89,2.58,3.06,0.87
14-Jan,0.75,0.61,3.40,2.39,,,1.79,5.25,3.46,4.05,6.10
21-Jan,0.82,1.16,4.18,2.86,,,1.83,6.63,4.16,4.88,8.01
28-Jan,0.55,0.74,5.39,4.29,,,1.90,7.68,6.59,5.79,10.83
4-Feb,0.65,0.51,3.08,2.08,,,2.00,6.75,3.01,3.52,10.36
11-Feb,0.98,1.23,3.32,2.64,,,1.67,7.20,3.84,4.50,13.70
18-Feb,0.77,1.45,4.79,3.24,,,2.09,8.27,4.72,5.54,17.27
25-Feb,0.94,2.04,4.91,3.62,,,2.36,9.34,5.29,6.21,19.53
4-Mar,0.61,0.47,2.80,1.94,,,1.46,6.21,2.80,3.27,9.50
11-Mar,0.38,0.25,1.61,1.26,,,1.56,3.71,2.66,2.71,5.46
18-Mar,0.45,0.28,1.55,1.28,,,1.65,3.79,2.05,2.80,5.59
25-Mar,0.45,0.14,1.31,1.12,,,2.01,3.21,2.75,1.85,4.65
1-Apr,0.49,0.14,0.84,0.83,,,1.87,1.92,2.19,1.61,4.77
8-Apr,0.40,0.28,1.12,1.45,,,1.69,2.58,3.26,2.77,5.93
15-Apr,0.35,0.12,0.86,1.01,,,1.97,1.93,3.71,2.00,3.99
22-Apr,0.35,0.07,0.69,0.80,,,1.53,1.67,2.66,2.28,2.32
29-Apr,0.23,0.04,0.61,0.78,,,1.32,1.69,3.72,2.19,2.28
6-May,0.31,0.03,0.56,0.54,,,0.99,1.59,2.92,1.59,1.53
13-May,0.27,0.01,0.54,0.52,,,0.79,1.46,2.43,1.36,1.52
20-May,0.29,0.00,0.49,0.50,,,0.79,1.40,2.27,1.23,1.18
27-May,0.32,0.00,0.55,0.37,,,0.69,1.37,1.84,1.08,1.20
3-Jun,0.25,0.00,0.52,0.31,,,0.54,1.41,1.49,0.94,0.96
10-Jun,0.22,0.00,0.52,0.30,,,0.49,1.27,1.39,0.86,1.03
17-Jun,0.20,0.00,0.47,0.27,,,0.51,1.21,1.18,0.77,0.77
24-Jun,0.15,0.00,0.44,0.23,,,0.49,1.24,1.03,0.67,0.67
1-Jul,0.17,0.00,0.51,0.23,,,0.41,1.20,0.92,0.60,0.58
8-Jul,0.22,0.04,0.70,0.25,,,0.35,1.26,0.83,0.70,0.72
15-Jul,0.17,0.00,0.57,0.25,,,0.32,0.93,1.12,0.54,0.46
22-Jul,0.11,0.02,0.46,0.25,,,0.31,1.21,0.84,0.55,0.74
29-Jul,0.12,0.00,0.31,0.31,,,0.26,1.37,1.02,0.74,1.37
5-Aug,0.20,0.00,0.43,0.23,,,0.23,1.25,0.60,0.49,0.66
12-Aug,0.13,0.02,0.37,0.22,,,0.22,1.21,0.52,0.50,0.74
19-Aug,0.19,0.04,0.44,0.18,,,0.22,1.23,0.39,0.41,0.59
26-Aug,0.23,0.01,0.39,0.17,,,0.17,1.18,0.38,0.36,0.65
2-Sep,0.31,0.02,0.44,0.18,,,0.07,1.33,0.39,0.39,0.50
9-Sep,0.25,0.01,0.34,0.17,,,0.24,1.17,0.33,0.39,0.46
16-Sep,0.12,0.13,0.35,0.31,,,0.35,1.23,0.89,0.48,0.96
23-Sep,0.13,0.06,0.38,0.46,,,0.49,1.36,0.96,0.50,0.43
30-Sep,0.23,0.00,0.35,0.34,,,0.26,1.27,0.72,0.63,0.79
7-Oct,0.26,0.07,0.47,0.57,,,0.56,1.45,1.57,1.17,1.51
14-Oct,0.32,0.43,0.95,1.50,,,1.51,2.13,2.58,1.92,1.51
21-Oct,0.27,0.52,1.01,1.54,,,1.39,1.86,2.79,2.16,1.17
28-Oct,0.18,0.12,0.66,1.18,,,1.34,1.76,2.74,1.55,1.25
4-Nov,0.40,0.17,0.38,0.87,,,0.96,1.24,3.03,1.69,1.84
11-Nov,0.34,0.24,0.66,0.88,,,1.42,2.04,2.59,2.16,1.36
18-Nov,0.34,0.20,0.89,1.05,,,1.58,2.02,3.14,2.35,1.55
25-Nov,0.63,0.56,1.08,1.57,,,1.59,2.85,3.09,2.75,1.09
2-Dec,0.44,0.56,1.16,1.61,,,1.69,2.77,2.96,2.75,3.63
9-Dec,0.53,0.66,1.13,1.65,,,1.75,2.62,3.04,2.47,1.23
16-Dec,0.58,0.63,1.13,1.88,,,1.61,2.55,3.16,2.76,0.97
23-Dec,0.63,0.19,1.18,1.57,,,1.65,2.39,3.16,2.70,0.80
30-Dec,1.02,1.41,1.07,1.43,,,1.48,2.73,2.74,2.72,1.56
6-Jan,0.83,1.31,1.59,1.37,,,1.25,2.78,2.90,2.68,1.36
13-Jan,0.58,0.80,1.53,1.50,,,1.44,2.72,2.93,2.12,1.65
20-Jan,1.23,2.39,1.32,1.39,,,1.31,2.83,2.71,2.64,1.65
27-Jan,1.13,2.29,1.47,1.34,,,1.22,2.04,2.62,3.38,1.65
3-Feb,0.71,0.92,1.47,1.34,,,1.22,2.04,2.62,3.38,1.65
10-Feb,0.84,1.01,1.45,1.33,,,0.99,2.72,2.97,2.34,1.68
17-Feb,0.89,1.12,0.90,1.15,,,1.21,2.69,2.74,3.09,1.68
24-Feb,0.46,0.29,1.64,1.40,,,1.28,2.71,2.78,2.96,1.13
3-Mar,0.53,0.24,1.36,1.53,,,1.56,2.65,2.41,3.37,1.13
10-Mar,0.62,0.37,1.32,1.25,,,1.60,2.62,3.15,2.89,0.98
17-Mar,0.47,0.23,1.28,1.11,,,1.94,2.34,3.48,2.86,0.92
24-Mar,0.59,0.71,1.00,1.31,,,1.80,2.24,3.56,2.78,0.97
31-Mar,0.64,1.07,0.67,1.29,,,1.68,2.28,3.08,2.61,0.95
7-Apr,0.49,0.94,0.68,1.30,,,2.81,1.80,2.86,2.86,1.47
14-Apr,0.26,0.32,1.43,1.52,,,1.37,2.42,2.87,2.90,1.37
21-Apr,0.34,0.32,1.39,1.44,,,1.33,2.48,2.99,2.66,1.61
28-Apr,0.19,0.14,1.00,1.23,,,1.53,1.78,4.18,2.09,1.52
5-May,0.20,0.07,0.80,0.87,,,1.20,1.78,3.36,1.56,2.15
12-May,0.18,0.01,0.76,0.68,,,0.97,1.75,2.74,1.44,1.61
19-May,0.22,0.06,0.62,0.61,,,0.72,1.65,2.26,1.26,1.20
26-May,0.15,0.05,0.53,0.50,,,0.78,1.53,1.79,1.11,0.95
2-Jun,0.17,0.01,0.47,0.34,,,0.75,1.54,1.41,0.95,0.84
9-Jun,0.07,0.01,0.43,0.37,0.01,,1.64,1.53,1.23,0.80,0.85
16-Jun,0.18,0.12,0.46,0.31,0.01,,0.56,1.51,1.29,1.00,1.22
23-Jun,0.13,0.01,0.42,0.31,0.11,,0.41,1.42,0.96,0.72,0.70
30-Jun,0.08,0.01,0.39,0.26,0.09,,0.33,1.44,0.81,0.77,1.17
7-Jul,0.11,0.01,0.38,0.24,0.08,,0.60,1.34,0.63,0.61,0.77
14-Jul,0.08,0.01,0.35,0.23,0.08,,0.33,1.42,0.51,0.56,0.67
21-Jul,0.09,0.01,0.36,0.23,0.10,0.22,0.46,1.02,0.52,0.57,0.78
28-Jul,0.15,0.01,0.35,0.20,0.10,0.20,1.02,0.98,0.41,0.47,0.65
4-Aug,0.18,0.01,0.37,0.19,0.10,0.25,0.52,1.01,0.27,0.41,0.69
11-Aug,0.20,0.01,0.38,0.16,0.05,0.24,0.47,1.00,0.21,0.46,0.51
18-Aug,0.13,0.03,0.35,0.18,0.06,0.24,0.38,0.91,0.33,0.50,0.80
25-Aug,0.07,0.02,0.32,0.19,0.10,0.20,0.38,0.81,0.70,0.65,1.20
1-Sep,0.14,0.00,0.33,0.15,0.10,0.20,0.47,0.95,0.26,0.52,0.62
8-Sep,0.25,0.02,0.36,0.17,0.10,0.23,0.34,0.90,0.17,0.48,0.63
15-Sep,0.18,0.05,0.32,0.17,0.10,0.29,0.36,0.93,0.25,0.45,0.60
22-Sep,0.23,0.01,0.34,0.19,0.10,0.40,0.37,1.04,0.47,0.66,1.17
29-Sep,0.22,0.02,0.52,0.30,0.10,0.35,0.37,1.06,0.46,0.52,0.72
6-Oct,0.24,0.04,0.51,0.41,0.10,0.27,0.37,1.06,0.36,0.49,0.78
13-Oct,0.28,0.01,0.38,0.41,0.10,0.27,0.35,1.09,0.37,0.96,1.11
20-Oct,0.53,0.01,0.48,0.39,0.13,0.27,0.43,1.09,0.37,1.58,1.61
27-Oct,0.51,0.38,1.00,1.25,0.67,0.79,0.55,1.20,1.00,3.16,1.39
3-Nov,0.41,0.31,1.06,1.34,0.61,0.79,0.14,2.32,2.57,2.75,1.40
10-Nov,0.78,0.97,0.70,1.33,0.46,0.45,0.14,2.90,2.41,2.55,1.40
17-Nov,0.56,0.37,0.80,1.44,0.42,0.45,0.41,2.95,2.58,2.70,1.91
24-Nov,0.44,0.25,1.09,1.11,0.78,0.45,1.13,2.95,2.67,2.74,1.91
1-Dec,0.48,0.29,1.39,1.40,0.61,0.45,1.20,2.40,2.62,2.79,0.96
8-Dec,0.61,0.75,1.30,1.28,0.67,0.33,1.20,2.56,2.30,2.69,1.29
15-Dec,0.45,0.56,1.32,1.61,0.49,0.77,1.20,2.56,2.58,2.85,0.88
22-Dec,0.78,1.11,1.50,1.53,0.37,0.28,1.20,2.56,2.63,2.89,0.99
29-Dec,0.64,1.12,1.79,1.42,0.47,0.84,1.20,2.56,2.75,2.89,0.88
5-Jan,0.58,0.77,1.86,1.55,0.37,0.84,1.20,2.56,2.51,1.77,2.08
5-Jan,0.58,0.77,1.86,1.55,0.37,0.84,1.20,2.56,2.51,1.77,2.08
12-Jan,0.55,0.79,1.75,1.69,0.35,0.69,1.20,2.56,2.53,2.93,2.90
19-Jan,0.95,1.51,1.85,1.51,0.36,0.50,1.20,2.56,2.66,2.93,2.90
26-Jan,0.52,0.34,1.93,1.52,0.38,0.50,0.85,2.76,2.98,2.93,2.90
2-Feb,0.43,0.34,1.70,1.86,0.55,0.50,0.70,2.52,3.03,2.93,2.90
9-Feb,0.66,0.50,1.61,1.71,0.34,0.00,0.33,2.89,2.78,2.93,2.90
16-Feb,0.93,1.34,2.07,1.23,0.85,0.40,0.60,2.54,2.93,2.93,2.90
23-Feb,0.72,1.14,2.04,1.59,0.59,0.40,1.03,2.72,2.92,3.10,3.71
2-Mar,0.51,0.83,2.05,1.64,0.58,0.87,1.00,3.10,1.70,3.34,3.84
9-Mar,0.85,1.34,1.67,1.64,0.60,0.87,1.00,2.45,2.79,4.13,4.51
16-Mar,0.54,0.96,1.48,1.46,0.67,0.87,1.05,2.60,2.73,4.41,6.90
23-Mar,0.62,1.00,1.29,1.05,0.89,0.86,1.05,2.13,2.81,5.65,6.86
30-Mar,0.46,0.59,1.61,1.40,0.62,0.88,1.50,2.41,2.67,5.30,6.58
6-Apr,0.77,1.27,0.86,1.28,0.74,0.90,1.50,1.52,3.49,5.30,6.42
13-Apr,0.46,0.57,1.40,1.41,0.75,0.81,2.20,2.69,3.59,4.50,6.93
20-Apr,0.24,0.19,1.48,1.48,0.83,0.98,2.20,3.26,3.05,5.33,7.08
27-Apr,0.18,0.12,1.26,1.13,1.15,0.98,0.22,2.63,2.81,4.63,6.76
4-May,0.20,0.15,1.18,1.16,1.05,1.01,0.34,2.52,2.05,3.78,6.34
11-May,0.18,0.09,0.83,1.25,0.86,0.99,0.52,2.26,2.72,4.15,5.66
18-May,0.11,0.06,0.67,0.88,0.73,1.01,0.80,1.78,2.57,3.47,4.65
25-May,0.13,0.01,0.48,0.73,0.53,0.92,0.63,1.76,2.17,3.40,3.90
1-Jun,0.11,0.02,0.48,0.50,0.38,0.81,0.62,1.66,1.55,3.00,2.63
8-Jun,0.18,0.04,0.51,0.43,0.34,0.63,0.60,1.52,1.39,1.50,2.41
15-Jun,0.13,0.01,0.49,0.39,0.28,0.00,0.49,1.35,1.73,1.50,2.20
22-Jun,0.12,0.08,0.39,0.42,0.33,0.00,0.45,1.29,1.40,1.50,2.10
29-Jun,0.08,0.01,0.36,0.42,0.25,0.38,0.32,1.33,0.84,1.25,1.61
6-Jul,0.07,0.02,0.44,0.31,0.18,0.51,0.43,1.19,0.59,0.66,1.25
13-Jul,0.16,0.02,0.40,0.22,0.28,0.45,0.38,1.17,0.47,0.63,1.03
20-Jul,0.05,0.06,0.31,0.07,0.33,0.65,0.37,1.08,0.42,0.61,0.88
27-Jul,0.06,0.00,0.33,0.21,0.23,0.62,0.33,1.14,0.39,0.74,1.05
3-Aug,0.08,0.01,0.36,0.22,0.20,0.41,0.29,1.13,0.28,0.59,0.84
10-Aug,0.12,0.01,0.39,0.16,0.23,0.40,0.25,1.13,0.25,0.53,0.73
17-Aug,0.22,0.04,0.44,0.14,0.31,0.51,0.29,1.09,0.24,0.63,0.73
24-Aug,0.32,0.01,0.41,0.15,0.27,0.42,0.23,1.11,0.18,0.54,0.68
31-Aug,0.23,0.01,0.25,0.15,0.10,0.45,0.38,1.15,0.31,0.80,1.43
7-Sep,0.14,0.01,0.24,0.15,0.14,0.54,0.34,1.08,0.27,0.56,0.70
14-Sep,0.21,0.09,0.23,0.96,0.42,0.76,0.39,1.36,0.59,0.74,0.43
21-Sep,0.14,0.09,0.33,0.53,0.23,0.54,0.37,1.12,0.37,0.63,0.45
28-Sep,0.24,0.16,0.76,1.30,0.22,0.78,0.59,2.00,1.50,1.19,0.67
5-Oct,0.25,0.05,0.69,0.79,0.52,0.78,0.39,1.46,0.60,0.69,0.16
12-Oct,0.21,0.06,0.69,0.61,0.22,0.75,0.39,1.20,0.58,1.01,0.76
19-Oct,0.26,0.15,0.60,0.91,0.23,0.83,0.94,1.80,2.12,2.13,2.05
26-Oct,0.37,0.25,0.72,1.40,0.55,0.97,0.45,2.10,2.71,1.71,1.50
2-Nov,0.67,0.41,1.20,1.63,0.39,0.91,0.69,2.97,2.76,2.29,1.26
9-Nov,0.52,0.16,0.81,1.18,0.46,0.91,0.18,2.38,2.48,1.91,1.02
16-Nov,0.53,0.04,0.73,0.62,0.72,0.92,0.18,2.13,1.75,1.60,1.56
23-Nov,0.57,0.50,0.96,1.11,0.70,0.91,0.65,2.47,2.76,2.01,1.63
30-Nov,0.46,0.60,1.30,1.86,0.43,0.93,0.68,2.87,3.00,2.63,0.92
7-Dec,0.31,0.58,1.41,1.60,0.50,0.93,0.68,3.02,2.76,2.60,0.94
14-Dec,0.62,0.15,1.19,0.83,0.98,0.95,0.46,0.60,2.80,2.68,1.18
21-Dec,0.72,1.72,1.24,1.24,0.75,0.63,0.32,2.68,2.92,2.83,1.04
28-Dec,0.46,0.38,1.54,1.43,0.91,0.22,0.50,3.02,2.89,2.60,0.93
4-Jan,0.52,0.55,1.35,1.43,1.09,0.24,0.50,2.78,3.07,2.59,0.88
4-Jan,0.52,0.55,1.35,1.43,1.09,0.24,0.50,2.78,3.07,2.59,0.88
11-Jan,0.63,1.10,1.65,1.23,1.09,0.40,0.34,2.83,2.67,2.89,0.94
18-Jan,1.00,2.12,1.45,1.32,0.54,0.58,0.47,2.98,2.77,2.54,0.80
25-Jan,1.13,1.96,1.66,1.15,0.29,0.59,0.72,2.91,2.93,2.37,1.15
1-Feb,0.88,1.74,1.52,1.13,1.13,0.58,0.72,3.08,2.97,2.63,0.88
8-Feb,0.59,1.14,1.74,1.24,1.08,0.50,0.72,2.79,2.97,2.72,0.91
15-Feb,0.45,0.27,1.52,1.58,1.00,0.20,0.28,2.90,2.85,2.72,0.81
22-Feb,0.38,0.70,1.40,1.59,1.04,0.31,0.29,2.35,3.55,2.30,0.81
29-Feb,0.74,1.27,1.08,0.98,0.87,0.44,0.42,2.57,3.25,2.72,0.90
7-Mar,0.63,0.42,1.48,1.43,0.69,0.43,0.54,2.15,3.46,2.78,0.98
14-Mar,0.85,1.19,0.48,1.47,0.69,0.58,0.95,2.73,2.69,2.78,1.05
21-Mar,0.48,0.63,1.53,1.31,0.58,0.32,0.50,3.28,2.47,2.78,1.50
28-Mar,0.15,0.19,1.50,1.56,1.11,0.15,0.27,2.82,2.79,2.78,1.50
4-Apr,0.39,0.40,1.40,1.66,0.88,0.44,0.17,2.85,2.64,3.05,2.16
11-Apr,0.22,0.30,1.40,1.57,0.96,0.73,0.17,3.17,2.68,2.42,0.80
18-Apr,0.16,0.21,1.10,1.40,0.95,0.96,0.31,2.60,3.20,2.61,0.98
25-Apr,0.18,0.18,0.74,1.19,0.72,0.36,1.05,2.08,2.25,2.95,1.70
2-May,0.20,0.12,0.75,0.86,0.48,1.03,0.64,2.14,2.40,2.55,1.65
9-May,0.21,0.06,0.71,0.78,0.30,1.01,0.88,1.88,2.00,2.45,1.60
16-May,0.12,0.09,0.59,0.67,0.25,0.92,0.85,1.81,1.38,2.45,1.30
23-May,0.14,0.03,0.51,0.58,0.15,0.83,0.80,1.66,1.17,1.31,1.20
30-May,0.15,0.03,0.53,0.54,0.14,0.83,0.67,1.63,0.98,1.17,1.20
6-Jun,0.07,0.04,0.49,0.48,0.11,0.79,0.67,1.56,0.80,1.06,1.04
13-Jun,0.06,0.02,0.48,0.39,0.11,0.57,0.60,1.48,0.74,0.86,0.92
20-Jun,0.06,0.02,0.45,0.36,0.08,0.51,0.63,1.41,0.55,0.84,0.78
27-Jun,0.07,0.02,0.42,0.34,0.10,0.56,0.50,1.21,0.43,0.78,0.93
4-Jul,0.05,0.02,0.40,0.32,0.12,0.56,0.44,1.25,0.51,0.73,1.06
11-Jul,0.09,0.02,0.44,0.30,0.13,0.51,0.40,1.16,0.39,0.62,0.91
18-Jul,0.15,0.01,0.44,0.30,0.13,0.41,0.41,1.06,0.36,0.56,0.76
25-Jul,0.27,0.01,0.39,0.28,0.16,0.36,0.37,1.00,0.36,0.57,0.68
1-Aug,0.19,0.00,0.37,0.27,0.13,0.40,0.34,1.32,0.37,0.56,0.73
8-Aug,0.12,0.00,0.31,0.27,0.05,0.39,0.25,1.05,0.38,0.56,0.80
15-Aug,0.08,0.00,0.43,0.24,0.06,0.38,0.31,0.92,0.30,0.49,0.59
22-Aug,0.08,0.00,0.48,0.27,0.06,0.55,0.31,0.95,0.37,0.69,0.99
29-Aug,0.11,0.00,0.43,0.25,0.05,0.52,0.30,0.91,0.29,0.61,0.82
5-Sep,0.14,0.00,0.42,0.25,0.01,0.53,0.18,0.95,0.23,0.49,0.54
12-Sep,0.17,0.00,0.31,0.13,0.02,0.38,0.24,0.86,0.29,0.46,0.57
19-Sep,0.25,0.00,0.25,0.28,0.02,0.30,0.17,0.98,0.35,0.67,0.76
26-Sep,0.29,0.00,0.26,0.33,0.01,0.41,0.15,1.02,0.34,0.67,0.63
3-Oct,0.32,0.00,0.28,0.40,0.02,0.46,0.14,1.04,0.43,0.62,0.70
10-Oct,0.46,0.00,0.34,0.54,0.10,0.64,0.20,1.12,0.74,0.93,1.25
17-Oct,0.54,0.00,0.28,0.39,0.08,0.66,0.35,1.22,0.90,0.88,1.76
24-Oct,0.42,0.00,0.32,0.26,0.07,0.90,0.55,1.44,1.72,1.42,2.35
31-Oct,0.35,0.00,0.32,0.32,0.08,0.83,0.54,1.49,1.67,1.49,2.25
7-Nov,0.38,0.00,0.35,0.40,0.18,0.37,0.37,1.49,2.15,1.88,2.73
14-Nov,0.69,0.00,0.41,0.64,0.14,0.82,0.54,1.47,2.20,1.68,2.24
21-Nov,0.46,0.11,0.66,1.56,0.48,1.01,0.67,1.67,2.80,2.84,1.19
28-Nov,0.70,0.20,0.54,1.11,0.27,0.96,1.04,1.48,3.11,2.43,1.81
5-Dec,0.66,0.11,0.49,0.97,0.37,0.92,0.85,1.82,3.07,2.51,2.08
12-Dec,0.41,0.12,0.67,0.90,0.33,0.88,0.98,1.81,3.19,2.48,2.05
19-Dec,0.59,0.54,0.72,1.48,0.49,0.95,0.68,2.65,2.66,2.77,1.98
26-Dec,0.76,0.54,1.30,1.95,0.45,0.97,0.41,3.41,2.35,2.76,5.03
2-Jan,0.90,1.60,1.42,1.71,0.42,0.48,1.61,2.92,2.40,2.81,4.43
9-Jan,0.51,1.04,1.44,2.08,0.45,0.02,0.84,3.13,2.21,3.28,0.39
16-Jan,0.41,0.60,1.47,2.31,0.44,0.02,0.66,3.03,2.40,3.52,3.95
23-Jan,0.66,0.99,1.28,2.66,0.47,0.13,0.58,3.14,2.49,3.21,9.97
30-Jan,0.39,0.76,0.85,2.89,0.48,0.22,0.42,3.04,2.40,3.05,11.12
6-Feb,0.50,0.34,1.07,2.11,0.66,0.27,0.87,2.84,2.76,3.16,9.09
13-Feb,0.92,1.27,1.04,2.31,0.58,0.23,0.72,2.43,2.55,3.12,10.82
20-Feb,0.47,0.80,1.61,2.23,0.44,0.09,0.57,2.52,2.58,3.22,12.22
27-Feb,0.84,1.52,1.80,1.73,0.42,0.18,0.48,2.49,2.75,3.10,11.55
6-Mar,0.70,1.40,1.15,1.57,0.46,0.17,0.55,3.15,2.02,3.21,11.66
13-Mar,0.59,0.76,1.32,1.71,0.43,0.09,0.56,3.04,2.14,3.09,11.01
20-Mar,0.39,0.53,1.71,1.85,0.47,0.07,0.52,2.53,2.68,3.40,10.49
27-Mar,0.51,1.53,1.54,1.74,0.42,0.07,0.61,2.38,3.22,3.20,12.16
3-Apr,0.35,0.39,1.46,1.82,0.53,0.05,0.54,2.66,2.49,3.14,10.79
10-Apr,0.24,0.31,1.41,1.73,0.71,0.04,0.59,2.32,3.10,3.26,7.68
17-Apr,0.56,0.59,1.24,1.81,0.41,0.04,0.61,2.25,2.98,3.05,9.58
24-Apr,0.17,0.17,1.46,1.79,0.61,0.08,0.78,2.32,3.02,2.91,4.52
1-May,0.11,0.10,0.95,1.28,0.61,0.32,1.08,1.97,3.42,1.76,2.77
8-May,0.11,0.05,0.74,0.99,0.39,0.34,1.07,1.67,2.89,1.50,2.40
15-May,0.13,0.03,0.65,0.78,0.24,0.33,0.96,1.60,2.40,1.74,2.11
22-May,0.15,0.01,0.59,0.64,0.20,0.34,0.81,1.42,1.97,1.36,1.77
29-May,0.13,0.00,0.53,0.58,0.18,0.33,0.79,1.43,1.99,1.56,2.36
5-Jun,0.07,0.00,0.46,0.51,0.11,0.32,0.83,1.41,1.53,1.40,2.09
12-Jun,0.10,0.00,0.43,0.43,0.09,0.33,0.66,1.31,1.13,1.21,1.41
19-Jun,0.08,0.00,0.37,0.38,0.07,0.34,0.61,1.35,0.79,1.05,1.19
26-Jun,0.09,0.00,0.36,0.33,0.04,0.34,0.56,1.35,0.59,0.89,1.07
3-Jul,0.11,0.00,0.29,0.30,0.03,0.10,0.50,1.33,0.70,0.86,0.84
10-Jul,0.10,0.00,0.33,0.29,0.03,0.41,0.50,1.13,0.45,0.83,0.66
17-Jul,0.13,0.00,0.34,0.26,0.03,0.41,0.48,1.05,0.50,0.86,0.91
24-Jul,0.10,0.00,0.39,0.24,0.09,0.45,0.47,1.11,0.39,0.82,0.56
31-Jul,0.08,0.00,0.51,0.24,0.08,0.43,0.47,1.15,0.49,0.86,0.86
7-Aug,0.09,0.00,0.54,0.31,0.03,0.47,0.46,1.02,0.47,0.90,1.01
14-Aug,0.02,0.00,0.50,0.30,0.08,0.41,0.42,1.01,0.36,0.79,1.01
21-Aug,0.04,0.00,0.41,0.22,0.07,0.39,0.39,0.92,0.28,0.68,0.60
28-Aug,0.13,0.00,0.29,0.23,0.01,0.39,0.37,0.86,0.26,0.62,0.56
4-Sep,0.23,0.00,0.27,0.23,0.01,0.39,0.35,0.86,0.29,0.58,0.46
11-Sep,0.25,0.00,0.33,0.24,0.02,0.40,0.35,0.90,0.39,0.72,0.87
18-Sep,0.24,0.00,0.35,0.24,0.01,0.46,0.32,0.83,0.44,0.68,0.61
25-Sep,0.24,0.00,0.33,0.27,0.02,0.42,0.33,0.92,0.33,0.67,0.72
2-Oct,0.30,0.00,0.38,0.61,0.02,0.61,0.44,1.19,0.78,0.87,1.54
9-Oct,0.31,0.00,0.41,0.31,0.01,0.55,0.53,1.00,0.62,0.76,1.06
16-Oct,0.44,0.01,0.43,0.37,0.01,0.57,0.41,0.86,0.46,0.72,1.28
23-Oct,0.54,0.00,0.35,0.57,0.04,0.64,0.53,1.23,0.61,1.11,1.76
30-Oct,0.41,0.12,0.35,0.48,0.16,0.75,0.49,1.21,0.64,1.30,1.43
6-Nov,0.77,0.04,0.44,0.51,0.18,0.86,0.30,0.98,0.56,1.11,1.37
13-Nov,0.66,0.03,0.41,0.65,0.27,0.90,0.27,2.50,1.99,1.90,2.65
20-Nov,0.58,0.44,0.78,1.56,0.62,0.98,1.95,2.54,2.73,2.79,2.16
27-Nov,0.62,0.25,0.83,1.15,0.65,0.98,0.74,2.06,2.90,2.58,4.57
4-Dec,0.74,0.49,1.24,1.54,0.61,1.01,0.79,2.55,2.82,2.61,6.44
11-Dec,0.54,0.58,1.15,1.72,0.67,1.00,0.76,2.73,2.92,2.69,5.90
18-Dec,0.77,0.10,1.01,1.51,0.76,1.00,0.74,2.47,2.91,2.71,4.65
25-Dec,0.84,0.82,1.34,1.65,0.58,1.00,0.76,2.57,2.73,3.25,6.33
1-Jan,0.64,0.98,1.47,1.69,0.61,1.00,0.78,2.64,2.65,3.37,6.46
8-Jan,0.65,0.92,1.47,1.82,0.68,1.01,0.79,2.69,2.66,3.34,6.61
15-Jan,0.65,0.94,1.54,1.95,0.73,1.04,0.80,2.68,2.67,3.25,6.57
22-Jan,0.85,1.09,1.97,1.67,0.74,1.03,0.81,2.73,2.62,3.44,8.22
29-Jan,0.78,1.04,1.96,1.66,0.69,1.01,0.81,2.65,2.70,3.39,9.58
5-Feb,0.78,1.35,1.87,1.52,0.82,0.75,0.80,2.65,2.61,3.26,8.97
12-Feb,0.69,0.59,1.92,1.87,0.81,0.75,1.08,2.80,2.52,3.38,9.80
19-Feb,0.61,0.35,1.54,2.22,0.83,0.80,1.45,2.78,2.51,3.13,9.16
26-Feb,0.77,0.75,1.03,2.46,0.75,0.78,1.65,2.82,2.39,3.34,11.44
5-Mar,1.04,1.33,1.25,1.54,0.96,0.78,1.67,2.72,2.38,3.43,12.62
12-Mar,0.50,0.43,1.62,1.85,0.88,0.77,0.94,2.74,2.28,3.44,8.50
19-Mar,0.50,0.27,1.43,1.91,0.87,0.79,0.56,2.71,2.58,3.40,3.00
26-Mar,0.41,0.15,1.16,1.45,0.91,0.90,0.55,2.76,2.38,2.92,2.16
2-Apr,0.45,0.28,1.21,1.52,0.91,1.02,0.78,2.46,2.60,2.81,2.62
9-Apr,0.29,0.19,1.20,1.31,1.03,1.00,0.63,2.58,2.56,2.57,2.11
16-Apr,0.26,0.08,0.86,0.96,0.68,1.01,0.55,2.10,2.20,1.54,3.08
23-Apr,0.34,0.04,0.73,0.79,0.41,1.03,0.67,1.89,1.60,1.89,2.39
30-Apr,0.42,0.02,0.77,0.75,0.39,1.05,0.69,1.87,1.79,2.32,3.10
7-May,0.25,0.04,0.73,0.86,0.38,1.01,0.64,2.02,1.56,2.30,2.92
14-May,0.27,0.01,0.58,0.57,0.17,0.94,0.62,1.68,1.60,2.16,2.66
21-May,0.20,0.01,0.52,0.47,0.12,0.78,0.58,1.56,1.23,1.62,2.22
28-May,0.18,0.02,0.49,0.56,0.19,0.74,0.51,1.65,1.44,1.81,2.12
4-Jun,0.16,0.01,0.49,0.60,0.17,0.85,0.56,1.66,1.59,1.76,2.00
11-Jun,0.16,0.02,0.51,0.46,0.10,0.76,0.45,1.50,1.28,1.67,1.62
18-Jun,0.23,0.00,0.49,0.39,0.10,0.63,0.38,1.36,1.02,1.27,1.22
25-Jun,0.21,0.00,0.50,0.34,0.12,0.70,0.33,1.28,0.83,1.13,1.17
2-Jul,0.17,0.00,0.48,0.43,0.14,0.64,0.35,1.74,0.98,1.35,1.86
9-Jul,0.13,0.00,0.49,0.33,0.13,0.57,0.29,1.53,0.60,0.97,1.25
16-Jul,0.11,0.00,0.43,0.29,0.02,0.47,0.26,1.46,0.61,1.05,1.80
23-Jul,0.07,0.00,0.54,0.25,0.14,0.31,0.21,1.43,0.61,0.85,1.15
30-Jul,0.14,0.00,0.50,0.29,0.09,0.44,0.24,1.30,0.57,0.77,0.90
6-Aug,0.21,0.00,0.47,0.29,0.05,0.46,0.27,1.25,0.56,0.85,1.46
13-Aug,0.18,0.00,0.51,0.30,0.05,0.42,0.28,1.16,0.45,0.74,0.78
20-Aug,0.14,0.00,0.49,0.25,0.09,0.49,0.25,1.12,0.43,0.72,0.60
27-Aug,0.25,0.00,0.52,0.24,0.14,0.51,0.21,1.04,0.36,0.72,0.44
3-Sep,0.44,0.03,0.60,0.78,0.36,0.67,0.23,1.72,1.03,1.43,1.02
10-Sep,0.18,0.03,0.81,1.37,0.69,0.93,0.25,2.27,1.46,1.91,1.51
17-Sep,0.18,0.03,0.54,0.74,0.28,0.79,0.36,1.33,0.80,0.90,0.89
24-Sep,0.26,0.03,0.49,0.56,0.25,0.69,0.20,1.29,0.57,0.80,0.77
1-Oct,0.46,0.00,0.45,0.49,0.07,0.68,0.24,1.19,0.66,0.66,0.69
8-Oct,0.40,0.00,0.38,0.41,0.09,0.66,0.28,1.33,0.93,0.99,1.14
15-Oct,0.25,0.04,0.50,0.82,0.46,0.97,0.67,1.61,1.49,1.52,1.16
22-Oct,0.26,0.14,0.59,1.23,0.60,1.15,0.59,2.07,1.86,1.80,0.91
29-Oct,0.33,0.03,0.56,0.85,0.41,0.95,0.40,1.71,1.13,1.42,1.01
5-Nov,0.38,0.01,0.57,0.80,0.31,0.89,0.51,1.79,1.44,1.30,1.45
12-Nov,0.64,0.06,0.46,0.56,0.20,0.76,0.44,1.57,1.42,1.41,1.42
19-Nov,0.79,0.06,0.46,0.48,0.20,0.79,0.42,1.60,1.73,1.22,1.49
26-Nov,0.67,0.00,0.44,0.54,0.31,0.85,0.35,1.76,1.56,1.81,1.96
3-Dec,0.81,0.06,0.47,0.54,0.35,1.08,0.45,1.65,1.71,1.87,1.96
10-Dec,0.65,0.05,0.58,0.88,0.63,1.16,0.56,2.05,1.47,2.24,2.24
17-Dec,0.60,0.11,0.62,0.96,0.52,1.27,0.83,1.95,2.44,2.52,3.28
24-Dec,0.71,0.31,0.97,1.34,0.78,1.14,0.57,2.49,2.19,2.69,9.77
31-Dec,0.85,1.27,1.57,1.67,0.81,0.98,0.64,3.07,2.35,3.32,12.48
7-Jan,0.51,1.18,1.60,1.95,1.04,1.00,0.67,2.97,2.38,3.55,12.10
14-Jan,0.61,1.00,1.50,1.75,0.98,0.98,0.54,2.76,2.36,3.81,11.35
21-Jan,0.50,0.48,1.41,1.99,1.02,1.00,0.46,2.77,2.01,3.57,10.27
28-Jan,1.10,1.64,1.44,1.56,0.80,1.02,1.03,2.42,3.04,4.01,12.04
4-Feb,0.94,1.32,1.65,1.50,0.87,1.03,1.21,2.35,3.10,4.75,14.57
11-Feb,1.12,1.86,1.61,1.49,0.90,1.02,1.39,2.68,2.72,4.50,14.62
18-Feb,0.87,2.19,1.72,1.43,0.99,0.99,1.44,2.69,2.60,4.62,14.25
25-Feb,0.95,2.00,1.66,1.46,0.82,0.95,2.02,2.59,2.65,3.20,14.40
4-Mar,0.97,1.76,1.65,1.46,0.99,0.95,1.41,2.16,3.31,3.44,14.54
11-Mar,0.83,1.34,1.65,1.47,0.93,0.98,1.30,2.29,3.03,3.48,14.14
18-Mar,0.59,0.64,1.57,1.56,0.86,0.96,1.22,2.58,2.72,3.47,14.09
25-Mar,0.65,1.03,1.29,1.64,0.83,0.98,1.36,2.62,2.69,3.44,14.18
1-Apr,0.45,0.63,1.38,1.63,0.81,0.97,1.18,2.86,2.47,3.34,13.67
8-Apr,0.47,0.76,1.41,1.64,0.84,1.00,1.17,2.90,2.46,3.38,13.49
15-Apr,0.42,0.71,1.27,1.59,0.86,0.99,1.32,2.97,2.39,3.37,11.81
22-Apr,0.32,0.29,1.47,1.65,1.05,1.03,0.57,3.07,2.35,3.36,6.46
29-Apr,0.31,0.21,1.21,1.49,1.11,1.02,0.45,2.69,2.52,2.98,6.68
6-May,0.25,0.13,1.09,1.27,0.93,1.02,0.16,2.43,2.50,2.62,7.32
13-May,0.20,0.09,0.87,0.98,0.66,1.02,0.17,1.95,2.28,1.93,2.50
20-May,0.17,0.08,0.76,0.81,0.52,1.03,0.15,1.90,1.55,1.65,3.10
27-May,0.21,0.00,0.75,0.70,0.42,1.01,0.16,1.74,1.27,1.68,1.48
3-Jun,0.15,0.01,0.62,0.60,0.27,0.83,0.38,1.54,1.10,1.40,2.28
10-Jun,0.09,0.00,0.48,0.51,0.15,0.68,0.53,1.33,1.01,1.15,1.70
17-Jun,0.06,0.00,0.48,0.41,0.26,0.62,0.43,1.29,0.88,1.04,2.15
24-Jun,0.12,0.00,0.42,0.41,0.10,0.55,0.48,1.12,0.76,1.06,4.62
1-Jul,0.02,0.00,0.41,0.36,0.09,0.50,0.42,1.10,0.72,0.91,3.53
8-Jul,0.05,0.00,0.37,0.42,0.14,0.55,0.41,1.27,1.25,1.09,5.20
15-Jul,0.07,0.00,0.34,0.32,0.08,0.44,0.34,1.04,0.75,0.83,3.46
22-Jul,0.08,0.00,0.34,0.36,0.06,0.47,0.36,1.06,0.84,0.95,5.06
29-Jul,0.04,0.00,0.31,0.31,0.07,0.42,0.39,1.18,1.11,1.05,4.43
5-Aug,0.05,0.00,0.28,0.28,0.05,0.33,0.34,0.95,0.72,0.70,3.64
12-Aug,0.05,0.00,0.19,0.29,0.06,0.35,0.25,0.99,0.45,0.64,3.40
19-Aug,0.08,0.00,0.26,0.26,0.11,0.31,0.27,0.89,0.51,0.53,3.21
26-Aug,0.17,0.00,0.32,0.27,0.05,0.47,0.26,0.92,0.57,0.56,3.14
2-Sep,0.22,0.00,0.37,0.31,0.06,0.40,0.22,0.94,0.46,0.63,3.43
9-Sep,0.24,0.00,0.39,0.35,0.12,0.42,0.18,0.87,0.45,0.52,3.21
16-Sep,0.20,0.00,0.35,0.31,0.16,0.40,0.15,0.87,0.43,0.50,3.23
23-Sep,0.21,0.00,0.43,0.79,0.40,0.75,0.22,1.33,1.15,0.50,4.69
30-Sep,0.33,0.12,0.65,1.39,0.79,0.93,0.18,2.04,1.29,0.49,5.60
7-Oct,0.16,0.01,0.57,0.83,0.43,0.93,0.23,1.24,0.74,0.41,3.76
14-Oct,0.31,0.46,0.83,1.45,0.78,0.98,0.18,1.86,2.26,0.44,7.46
21-Oct,0.28,0.13,0.62,1.14,0.75,0.99,0.41,1.92,2.37,0.46,14.75
28-Oct,0.42,0.01,0.51,0.80,0.32,0.98,0.42,1.56,1.17,0.42,7.40
4-Nov,0.47,0.22,0.70,1.00,0.56,1.04,0.31,2.03,1.47,0.42,7.61
11-Nov,0.42,0.04,0.62,1.28,0.77,1.05,0.22,2.22,1.71,0.32,7.95
18-Nov,0.51,0.00,0.52,0.82,0.42,1.05,0.17,1.58,1.35,0.38,6.67
25-Nov,0.47,0.09,0.90,1.63,0.82,1.06,0.19,2.10,2.37,0.34,8.78
2-Dec,0.68,0.12,0.73,1.08,0.62,1.04,0.15,1.78,2.28,0.27,7.79
9-Dec,0.61,0.02,0.55,0.82,0.46,1.06,0.32,1.74,1.73,0.22,7.25
16-Dec,0.51,0.31,1.04,1.40,0.81,1.05,0.50,2.64,2.26,0.22,10.34
23-Dec,0.60,0.57,1.41,1.88,0.86,1.09,0.36,2.83,2.39,0.24,10.50
30-Dec,0.73,2.05,1.56,2.75,0.94,1.37,0.78,3.09,2.33,0.34,11.94
6-Jan,0.79,1.24,1.60,3.01,0.76,1.23,0.97,3.24,2.01,0.40,12.50
13-Jan,0.66,0.55,1.83,3.91,0.90,1.05,1.20,3.31,1.96,0.38,14.50
20-Jan,0.48,0.42,1.51,2.08,1.09,1.05,0.89,3.17,2.37,0.39,12.64
27-Jan,0.69,1.06,1.64,4.18,1.03,1.05,0.86,3.14,2.17,0.58,16.78
3-Feb,0.74,1.68,1.89,5.99,0.92,1.05,1.03,3.12,2.35,0.96,13.81
10-Feb,0.97,1.42,1.78,7.52,0.90,1.02,1.12,3.13,2.17,1.13,15.00
17-Feb,1.08,1.99,2.35,17.90,0.83,1.06,1.09,3.05,2.06,2.75,19.63
24-Feb,0.61,1.90,1.89,18.13,0.95,1.02,1.16,3.24,2.24,3.93,20.75
2-Mar,0.65,1.02,1.50,6.39,0.76,1.07,1.33,3.23,2.24,3.92,19.06
9-Mar,0.65,1.35,1.14,11.88,0.76,1.06,1.72,3.20,2.21,3.88,20.57
16-Mar,0.42,0.62,1.66,6.40,0.64,1.00,1.17,3.05,2.55,3.82,19.86
23-Mar,0.49,0.43,1.71,3.55,0.96,1.05,0.66,3.04,2.36,3.70,17.67
30-Mar,0.41,0.38,1.59,2.23,1.02,1.03,0.50,3.07,1.64,3.64,15.46
6-Apr,0.25,0.41,1.47,2.55,0.97,1.05,0.34,2.87,1.80,3.51,19.07
13-Apr,0.46,0.56,1.27,2.36,0.96,1.31,0.25,2.92,1.75,3.59,12.05
20-Apr,0.39,0.58,1.50,3.14,0.90,1.19,0.39,2.92,2.20,2.97,15.85
27-Apr,0.19,0.27,1.42,2.18,0.88,1.26,0.36,3.14,2.33,2.84,9.89
4-May,0.17,0.15,1.03,1.54,0.77,1.06,0.33,2.60,2.48,2.09,8.11
11-May,0.19,0.07,0.88,1.11,0.64,1.05,0.43,2.17,2.09,1.71,8.39
18-May,0.15,0.03,0.77,0.85,0.53,0.98,0.30,1.85,1.71,1.96,6.88
25-May,0.09,0.03,0.63,0.75,0.32,0.95,0.68,1.71,1.48,1.79,5.32
1-Jun,0.09,0.02,0.60,0.58,0.27,0.82,0.63,1.63,1.15,1.38,4.61
8-Jun,0.09,0.02,0.44,0.53,0.25,0.85,0.56,1.47,1.08,1.16,4.23
15-Jun,0.05,0.01,0.45,0.55,0.21,0.60,0.53,1.34,0.93,1.05,3.71
22-Jun,0.04,0.00,0.43,0.44,0.18,0.48,0.40,1.26,1.07,0.91,3.73
29-Jun,0.05,0.00,0.39,0.39,0.16,0.50,0.42,1.19,0.77,1.00,3.47
6-Jul,0.04,0.00,0.39,0.32,0.13,0.48,0.44,1.09,0.71,0.80,3.40
13-Jul,0.09,0.00,0.37,0.30,0.13,0.42,0.40,1.14,0.75,0.93,3.73
20-Jul,0.02,0.00,0.39,0.26,0.11,0.42,0.44,1.09,0.63,0.89,3.74
27-Jul,0.04,0.00,0.39,0.25,0.09,0.37,0.41,0.96,0.45,0.69,3.04
3-Aug,0.07,0.00,0.36,0.29,0.08,0.39,0.39,0.75,0.60,0.93,4.01
10-Aug,0.07,0.00,0.41,0.25,0.08,0.34,0.33,0.99,0.48,0.71,3.03
17-Aug,0.08,0.00,0.32,0.33,0.05,0.39,0.33,0.96,0.36,0.66,2.82
24-Aug,0.10,0.00,0.34,0.28,0.08,0.30,0.32,1.05,0.36,0.70,2.94
31-Aug,0.13,0.00,0.33,0.40,0.15,0.51,0.47,1.26,0.97,1.18,4.82
7-Sep,0.16,0.00,0.36,0.20,0.08,0.35,0.33,0.89,0.38,0.64,2.79
14-Sep,0.23,0.00,0.41,0.26,0.07,0.49,0.36,1.04,0.42,0.69,3.36
21-Sep,0.22,0.00,0.40,0.26,0.03,0.47,0.37,0.90,0.44,0.62,2.78
28-Sep,0.25,0.00,0.44,0.33,0.11,0.61,0.51,1.39,0.80,1.15,4.55
5-Oct,0.21,0.00,0.33,0.27,0.04,0.49,0.37,1.07,0.56,0.76,3.54
12-Oct,0.25,0.02,0.38,0.61,0.31,0.77,0.59,1.52,1.34,1.76,3.66
19-Oct,0.27,0.01,0.42,0.42,0.16,0.87,0.56,1.37,1.01,1.34,4.53
26-Oct,0.51,0.00,0.36,0.36,0.17,0.84,0.51,1.30,0.81,1.53,5.27
2-Nov,0.50,0.00,0.38,0.44,0.29,0.87,0.64,1.59,1.12,1.82,6.14
9-Nov,0.34,0.04,0.67,0.69,0.39,0.89,0.64,1.31,1.59,1.87,5.80
16-Nov,0.50,0.01,0.57,0.66,0.32,0.77,0.83,1.48,1.30,1.91,5.94
23-Nov,0.53,0.16,1.07,1.43,1.01,0.97,1.01,2.35,2.56,2.53,4.50
30-Nov,0.51,0.13,0.81,0.97,0.65,0.97,0.53,2.00,2.00,2.23,6.78
7-Dec,0.80,0.64,1.36,1.56,0.85,1.03,0.82,3.14,2.44,2.82,5.17
14-Dec,0.60,0.74,1.38,1.56,0.86,0.99,0.62,3.13,2.23,2.78,5.69
21-Dec,0.73,1.09,1.61,1.54,0.85,0.97,1.29,3.15,2.42,2.89,4.26
28-Dec,0.70,1.83,1.62,1.49,0.89,1.33,1.27,3.26,2.12,3.12,4.19
4-Jan,0.60,1.35,1.59,1.52,0.89,1.16,1.22,3.31,2.18,3.09,5.00
11-Jan,0.74,0.97,1.93,1.64,0.94,0.95,1.25,3.37,2.21,3.07,4.99
18-Jan,0.56,0.98,1.89,3.71,0.91,0.97,1.31,3.27,2.31,2.95,4.25
25-Jan,0.59,0.98,1.71,1.75,0.83,0.95,1.33,3.33,2.36,3.02,4.45
1-Feb,0.39,0.74,1.70,1.53,0.88,0.98,1.18,3.28,2.34,2.84,9.54
8-Feb,0.82,1.38,1.82,1.46,0.91,1.01,1.26,3.43,2.13,2.87,14.80
15-Feb,0.67,0.91,2.18,1.58,0.88,0.97,1.22,3.47,2.18,2.82,14.87
22-Feb,0.73,1.04,1.85,1.54,0.86,0.96,1.20,2.88,2.19,2.88,14.72
1-Mar,0.53,0.82,1.90,1.53,0.92,0.99,0.91,3.45,2.22,2.84,14.79
8-Mar,0.41,0.31,1.53,1.86,0.89,0.97,0.89,3.51,2.12,2.88,14.67
15-Mar,0.46,0.28,1.46,1.87,1.12,1.02,0.67,3.45,2.25,2.80,13.61
22-Mar,0.50,0.52,1.53,1.83,1.11,1.00,0.65,3.37,2.28,2.77,14.39
29-Mar,0.48,0.28,1.35,1.94,1.20,1.01,0.52,3.14,2.30,2.80,15.95
5-Apr,0.24,0.22,1.20,1.74,1.06,1.01,0.41,3.25,2.31,2.80,9.76
12-Apr,0.19,0.10,0.92,1.11,1.15,1.01,0.37,3.04,2.30,2.79,9.00
19-Apr,0.22,0.04,0.70,0.84,0.81,0.99,0.44,2.35,2.28,2.40,3.73
26-Apr,0.07,0.01,0.61,0.77,0.45,0.98,0.50,2.02,2.00,1.95,2.28
3-May,0.17,0.00,0.57,0.64,0.34,1.02,0.50,1.94,1.41,1.85,1.84
10-May,0.17,0.01,0.53,0.57,0.33,0.97,0.46,1.99,1.31,1.68,1.99
17-May,0.20,0.07,0.64,0.71,0.24,0.89,0.68,1.99,1.22,1.61,3.80
24-May,0.33,0.32,1.17,1.54,0.59,0.88,0.37,2.77,2.45,2.23,5.62
31-May,0.10,0.07,0.66,0.90,0.40,0.88,0.70,1.85,1.93,1.71,2.45
7-Jun,0.04,0.02,0.51,0.58,0.27,0.74,0.56,1.56,1.46,1.51,1.80
14-Jun,0.11,0.03,0.55,0.55,0.42,0.83,0.64,1.68,1.40,1.51,2.07
21-Jun,0.08,0.01,0.51,0.62,0.53,0.90,0.57,1.79,1.28,1.36,2.64
28-Jun,0.06,0.01,0.48,0.63,0.41,0.78,0.54,1.66,1.13,1.47,2.47
5-Jul,0.06,0.01,0.43,0.53,0.25,0.66,0.47,1.41,0.90,1.21,2.39
12-Jul,0.04,0.01,0.42,0.39,0.29,0.52,0.41,1.41,0.99,1.13,1.55
19-Jul,0.03,0.00,0.40,0.32,0.24,0.50,0.39,1.18,0.85,0.95,1.13
26-Jul,0.02,0.03,0.41,0.36,0.19,0.46,0.36,1.18,0.75,0.87,1.00
2-Aug,0.00,0.00,0.25,0.45,0.12,0.44,0.38,1.03,0.63,0.82,0.83
9-Aug,0.00,0.00,0.33,0.31,0.11,0.46,0.40,0.99,0.62,0.77,0.76
16-Aug,0.01,0.00,0.58,0.23,0.20,0.37,0.31,0.97,0.52,0.74,1.19
23-Aug,0.09,0.00,0.56,0.19,0.21,0.41,0.27,1.00,0.44,0.58,0.80
30-Aug,0.27,0.00,0.54,0.40,0.34,0.60,0.35,1.31,0.85,1.13,1.98
6-Sep,0.11,0.00,0.44,0.25,0.19,0.40,0.32,0.96,0.48,0.71,0.70
13-Sep,0.13,0.00,0.39,0.20,0.22,0.38,0.27,0.99,0.43,0.72,0.86
20-Sep,0.17,0.00,0.39,0.22,0.28,0.54,0.26,1.31,0.60,1.00,2.44
27-Sep,0.20,0.00,0.47,0.35,0.34,0.65,0.39,1.42,1.26,1.20,2.04
4-Oct,0.22,0.00,0.47,0.31,0.27,0.57,0.33,1.27,0.66,1.04,1.79
11-Oct,0.21,0.00,0.50,0.84,0.65,0.78,0.57,2.16,2.33,2.00,4.47
18-Oct,0.27,0.09,0.67,1.07,0.75,0.93,0.71,2.34,2.53,1.96,5.10
25-Oct,0.30,0.03,0.57,0.86,0.56,1.03,0.61,2.05,2.37,1.61,5.41
1-Nov,0.59,0.22,1.36,1.44,0.93,0.98,1.16,2.76,2.53,2.53,3.68
8-Nov,0.46,0.38,1.18,1.47,1.21,1.09,0.86,3.22,2.17,2.88,6.57
15-Nov,0.52,0.28,0.76,1.22,0.85,1.07,0.38,2.81,2.40,2.45,3.55
22-Nov,0.51,0.32,0.81,1.05,0.75,1.05,0.67,2.68,2.33,2.51,3.07
29-Nov,0.47,0.40,0.93,1.05,0.83,0.99,0.67,2.89,2.30,2.64,3.76
6-Dec,0.70,0.17,0.70,0.93,0.68,1.04,0.71,2.24,2.39,2.49,3.15
13-Dec,0.59,0.42,1.02,1.03,0.85,1.05,1.11,2.89,2.19,2.81,6.92
20-Dec,0.78,1.16,1.34,1.23,0.84,1.05,1.18,3.48,1.97,3.01,10.34
27-Dec,0.59,0.90,1.63,1.55,1.04,1.10,1.19,3.50,1.90,2.83,12.40
3-Jan,0.69,0.85,1.70,1.88,1.38,1.25,0.90,3.49,1.93,2.84,11.96
10-Jan,0.70,1.61,1.98,2.26,1.67,1.34,0.63,3.56,1.85,2.94,17.43
17-Jan,0.48,0.70,1.64,2.13,1.65,1.06,0.62,3.50,1.94,2.70,17.29
24-Jan,0.73,0.99,1.83,2.16,1.58,1.07,0.79,3.56,1.86,2.97,16.48
31-Jan,1.04,1.78,1.42,2.03,1.83,1.10,1.01,3.50,1.89,2.92,16.43
7-Feb,0.76,1.37,1.28,1.91,1.29,1.12,1.07,3.30,1.91,2.98,16.50
14-Feb,0.73,0.91,1.25,2.02,1.17,1.13,1.09,3.28,2.13,2.91,17.60
21-Feb,0.50,0.74,1.66,2.07,1.36,1.13,1.45,3.25,2.17,2.97,17.37
28-Feb,0.45,0.29,1.57,1.39,0.82,1.10,1.80,3.02,2.34,2.93,13.36
7-Mar,0.37,0.10,1.13,1.39,1.14,1.20,1.47,3.42,2.83,3.53,8.64
14-Mar,0.51,0.12,1.14,1.53,1.09,1.10,0.72,2.72,3.04,4.64,11.70
21-Mar,0.53,0.26,1.27,1.57,1.20,1.10,0.18,0.81,3.84,5.44,12.60
28-Mar,0.37,0.35,1.39,1.89,1.06,1.12,0.00,2.26,1.82,3.79,9.50
4-Apr,0.24,0.24,1.05,1.92,1.06,1.11,0.00,2.37,1.50,3.61,6.00
11-Apr,0.25,0.14,0.81,1.63,0.93,1.03,0.00,2.55,2.01,2.94,3.54
18-Apr,0.18,0.09,0.58,1.41,0.80,1.02,0.00,2.58,2.71,1.64,5.90
25-Apr,0.20,0.05,0.50,1.26,0.73,1.03,0.00,2.65,2.77,1.38,5.22
2-May,0.15,0.02,0.44,1.07,0.58,1.05,0.00,2.46,2.44,1.27,4.97
9-May,0.17,0.01,0.40,0.87,0.42,1.00,0.00,2.21,2.02,1.64,3.22
16-May,0.10,0.04,0.40,0.76,0.36,0.93,0.00,2.34,1.92,1.44,3.53
23-May,0.06,0.02,0.40,0.71,0.15,0.88,0.00,2.18,1.88,1.80,2.52
30-May,0.06,0.00,0.34,0.62,0.19,0.75,0.00,2.02,1.47,1.61,1.99
6-Jun,0.09,0.00,0.33,0.48,0.25,0.68,0.00,1.75,1.52,1.26,1.41
13-Jun,0.13,0.00,0.32,0.47,0.23,0.67,0.00,1.84,1.86,1.62,2.31
20-Jun,0.09,0.00,0.32,0.48,0.13,0.57,0.00,1.59,1.34,1.22,1.64
27-Jun,0.08,0.00,0.32,0.44,0.08,0.49,0.00,1.43,1.13,1.06,1.28
4-Jul,0.09,0.00,0.33,0.40,0.07,0.47,0.00,1.36,1.06,1.00,1.30
11-Jul,0.14,0.00,0.24,0.44,0.08,0.45,0.00,1.34,1.03,1.17,1.76
18-Jul,0.11,0.00,0.32,0.36,0.09,0.41,0.00,1.27,0.96,0.89,1.08
25-Jul,0.03,0.00,0.31,0.31,0.07,0.35,0.00,1.23,0.99,0.87,1.13
1-Aug,0.00,0.00,0.28,0.27,0.03,0.31,0.00,1.21,0.81,0.74,0.81
8-Aug,0.06,0.00,0.39,0.18,0.07,0.21,0.00,1.14,0.88,0.90,1.41
15-Aug,0.11,0.00,0.29,0.18,0.16,0.23,0.00,1.31,1.16,0.99,1.05
22-Aug,0.06,0.00,0.26,0.23,0.27,0.23,0.00,1.21,1.06,0.86,0.63
29-Aug,0.06,0.00,0.37,0.66,0.21,0.25,0.00,1.10,0.84,0.73,0.71
5-Sep,0.16,0.02,0.42,0.82,0.28,0.65,0.00,1.34,1.01,0.84,0.77
12-Sep,0.14,0.02,0.44,0.84,0.11,0.70,0.00,1.58,1.34,1.13,0.69
19-Sep,0.23,0.09,0.58,1.16,0.59,0.96,0.00,2.22,1.92,1.51,1.07
26-Sep,0.30,0.16,0.89,1.71,0.71,1.04,0.00,2.38,2.79,1.79,1.03
3-Oct,0.27,0.37,0.93,1.69,0.77,1.05,0.00,2.65,2.57,0.97,3.33
10-Oct,0.25,0.23,0.92,1.58,0.72,1.06,0.00,2.59,2.41,1.98,3.62
17-Oct,0.20,0.37,0.71,1.07,0.65,1.00,0.00,2.27,2.08,1.28,2.07
24-Oct,0.36,0.07,0.85,1.23,0.71,1.08,0.00,2.31,1.78,1.07,3.19
31-Oct,0.30,0.12,0.93,1.16,0.65,0.99,0.00,2.08,1.88,1.36,1.96
7-Nov,0.37,0.17,0.86,1.06,0.66,1.06,0.00,2.04,1.84,1.19,2.06
14-Nov,0.37,0.34,0.71,0.85,0.58,1.06,0.00,1.90,1.57,1.04,2.96
21-Nov,0.35,0.01,0.58,0.91,0.47,1.05,0.00,2.21,1.81,1.05,2.96
28-Nov,0.37,0.02,0.61,1.03,0.47,1.08,0.00,2.31,2.48,1.65,2.38
5-Dec,0.47,0.30,0.63,1.03,0.52,1.05,0.00,2.61,2.85,1.97,3.45
12-Dec,0.69,0.15,0.80,1.03,0.61,1.04,0.00,2.27,2.24,2.03,3.29
19-Dec,0.73,0.83,1.33,1.70,0.84,1.15,0.00,2.43,3.55,3.74,7.43
26-Dec,0.66,1.16,1.47,1.77,0.81,1.24,0.00,2.73,2.66,3.11,8.03
2-Jan,0.65,0.91,1.75,1.67,0.82,1.14,0.00,2.65,2.31,2.50,10.35
9-Jan,0.86,1.12,1.98,1.76,0.78,1.14,0.00,2.67,2.19,2.81,11.36
16-Jan,0.93,1.82,1.54,1.64,0.82,1.16,0.00,2.51,2.36,2.87,14.22
23-Jan,0.77,1.73,1.64,1.52,0.81,1.27,0.00,2.66,2.01,2.98,17.15
30-Jan,0.67,1.17,1.89,1.61,0.79,1.12,0.00,2.75,2.07,2.93,16.56
6-Feb,0.49,0.68,1.77,1.90,0.86,1.10,0.00,2.91,1.95,2.73,12.10
13-Feb,0.82,1.75,1.61,1.62,0.80,1.09,0.00,2.84,2.04,2.78,16.47
20-Feb,0.66,0.91,1.50,1.52,0.90,1.13,0.00,2.77,2.10,2.77,16.04
27-Feb,0.65,0.82,1.35,1.62,0.84,1.13,0.00,2.52,2.40,2.64,13.46
6-Mar,0.63,0.73,1.49,1.63,0.87,1.13,0.00,2.38,2.64,2.69,10.26
13-Mar,0.79,0.98,1.00,1.63,0.88,1.12,0.00,2.81,2.19,2.64,10.60
20-Mar,0.68,0.76,1.29,1.56,0.89,1.14,0.00,2.69,2.22,2.51,16.03
27-Mar,0.62,0.68,1.19,1.50,0.94,1.11,0.00,2.61,2.27,2.57,17.43
3-Apr,0.36,0.30,1.63,1.60,1.17,1.08,0.00,2.25,2.55,2.70,12.18
10-Apr,0.38,0.34,1.35,1.93,1.06,1.01,0.00,2.42,2.58,2.69,8.64
17-Apr,0.57,0.61,1.25,1.66,0.80,1.06,0.00,2.65,2.37,2.71,13.74
24-Apr,0.32,0.30,1.49,1.89,0.83,1.09,0.00,2.73,2.07,2.63,12.24
1-May,0.23,0.25,1.40,1.75,0.82,1.05,0.00,3.10,1.88,2.86,10.88
8-May,0.18,0.11,1.04,1.45,0.78,1.04,0.00,2.66,2.43,1.92,6.97
15-May,0.12,0.05,0.85,1.12,0.49,0.97,0.00,2.63,2.67,1.07,7.15
22-May,0.12,0.02,0.72,0.92,0.44,1.08,0.00,2.24,2.35,0.82,7.39
29-May,0.12,0.01,0.65,0.76,0.31,1.03,0.00,2.24,1.80,0.63,7.04
5-Jun,0.10,0.00,0.53,0.67,0.23,0.88,0.00,2.02,1.66,0.47,7.00
12-Jun,0.06,0.00,0.51,0.55,0.34,0.76,0.00,1.80,1.33,0.49,5.96
19-Jun,0.07,0.00,0.46,0.53,0.24,0.65,0.00,1.69,1.02,0.46,5.36
26-Jun,0.08,0.00,0.46,0.42,0.21,0.61,0.00,1.69,0.93,0.48,1.92
3-Jul,0.11,0.00,0.40,0.30,0.22,0.52,0.00,1.55,0.84,0.72,1.38
10-Jul,0.11,0.01,0.38,0.33,0.18,0.46,0.00,1.51,0.85,1.07,1.21
17-Jul,0.04,0.00,0.35,0.30,0.08,0.41,0.00,1.39,0.80,0.88,0.90
24-Jul,0.08,0.00,0.35,0.28,0.16,0.41,0.00,1.32,0.72,0.81,0.68
31-Jul,0.16,0.00,0.35,0.28,0.16,0.41,0.00,1.32,0.72,0.81,0.68
7-Aug,0.17,0.00,0.38,0.23,0.16,0.42,0.00,1.20,0.61,0.70,0.62
14-Aug,0.11,0.01,0.40,0.34,0.12,0.52,0.00,1.29,0.61,0.77,0.61
21-Aug,0.11,0.00,0.37,0.39,0.14,0.58,0.00,1.18,0.63,0.92,1.01
28-Aug,0.13,0.00,0.34,0.32,0.15,0.42,0.00,1.12,0.60,0.74,0.52
4-Sep,0.10,0.00,0.35,0.26,0.07,0.29,0.16,0.97,0.56,0.63,0.41
11-Sep,0.09,0.00,0.40,0.47,0.12,0.53,0.22,1.09,0.63,0.92,1.42
18-Sep,0.18,0.00,0.40,0.29,0.10,0.44,0.26,0.82,0.48,0.74,1.22
25-Sep,0.17,0.00,0.42,0.58,0.16,0.73,0.38,1.01,0.78,0.75,1.38
2-Oct,0.19,0.03,0.47,0.96,0.34,0.87,0.37,1.37,1.18,0.85,0.92
9-Oct,0.28,0.13,0.63,0.86,0.64,0.93,0.25,1.10,1.73,1.19,1.22
16-Oct,0.40,0.00,0.64,0.60,0.19,0.93,0.27,0.91,0.86,0.79,0.74
23-Oct,0.23,0.00,0.48,0.55,0.16,0.87,0.36,0.90,0.78,0.63,0.76
30-Oct,0.30,0.33,0.62,0.68,0.34,0.83,0.60,1.35,1.22,1.09,1.13
6-Nov,0.30,0.20,0.77,1.26,0.61,1.00,0.54,1.89,1.86,2.00,1.97
13-Nov,0.51,0.63,1.08,2.44,0.86,1.10,0.54,2.85,2.58,2.65,2.54
20-Nov,0.38,0.61,1.08,2.03,0.71,1.13,0.61,2.78,2.52,1.95,2.55
27-Nov,0.53,0.17,0.88,1.26,0.53,1.12,0.28,1.63,1.86,1.75,1.89
4-Dec,0.48,0.25,0.78,1.55,0.70,1.15,0.44,2.30,2.50,2.40,3.91
11-Dec,0.46,0.30,1.04,1.43,0.50,1.14,0.25,2.57,2.52,2.47,3.26
18-Dec,0.48,0.12,0.95,1.36,0.48,1.15,0.36,2.27,2.37,2.41,3.40
25-Dec,0.48,0.54,1.30,1.95,0.91,1.19,0.68,2.11,2.45,2.99,7.82
