Dia/Mes,1980,1985,1990,1995,2000,2005,2010,2015,CORANI
01-Jan,65.89,36.69,27.66,34.08,33.96,30.98,42.41,30.30,
02-Jan,65.89,38.37,27.06,36.72,33.01,30.87,41.11,30.70,
03-Jan,64.62,38.12,27.85,39.76,32.08,30.64,42.16,37.36,26.68
04-Jan,63.64,37.88,28.64,40.34,31.25,30.29,43.38,42.66,
05-Jan,62.98,37.06,28.44,40.99,30.83,29.64,42.51,41.25,
06-Jan,62.44,37.65,28.18,41.50,30.52,29.82,41.40,39.95,
07-Jan,62.51,38.92,27.61,40.59,29.87,29.90,40.29,39.32,
08-Jan,62.74,39.25,27.01,40.92,29.17,29.79,41.77,38.52,
09-Jan,62.26,38.76,26.55,43.14,28.51,30.04,43.10,37.65,
10-Jan,61.71,37.74,28.54,44.68,28.49,31.79,42.02,36.82,25.35
11-Jan,61.81,36.58,30.70,47.67,28.85,34.02,41.43,36.05,
12-Jan,61.71,36.85,31.07,50.79,29.00,34.25,41.31,37.22,
13-Jan,61.18,37.19,31.04,53.20,28.79,33.84,43.07,38.58,
14-Jan,60.71,36.18,35.84,54.72,28.27,36.00,44.99,38.03,
15-Jan,60.12,35.27,40.55,54.06,28.87,39.33,44.53,38.60,
16-Jan,59.65,34.64,40.21,53.12,30.20,40.21,43.14,39.44,
17-Jan,59.24,34.06,39.69,52.18,30.67,39.52,41.93,39.21,24.63
18-Jan,58.93,33.34,44.99,51.99,30.26,38.29,42.23,39.22,
19-Jan,57.60,32.51,49.13,51.05,30.37,37.05,45.91,38.81,
20-Jan,55.22,31.88,46.98,49.51,30.73,35.91,48.92,38.03,
21-Jan,53.41,32.07,44.96,48.27,30.45,34.81,48.18,37.60,
22-Jan,51.82,32.28,43.41,46.56,30.19,33.79,46.29,36.94,
23-Jan,50.10,31.81,42.19,44.88,30.60,34.96,44.50,35.80,
24-Jan,48.63,31.11,40.96,44.06,30.98,37.30,42.98,34.90,16.80
25-Jan,49.46,30.50,40.55,43.15,30.89,37.54,41.71,34.43,
26-Jan,50.51,31.99,40.51,42.43,31.34,37.62,40.53,34.65,
27-Jan,50.04,33.45,39.58,42.02,32.44,37.45,41.45,34.90,
28-Jan,52.43,32.85,38.35,43.89,33.28,36.25,42.19,34.45,
29-Jan,55.24,32.05,37.22,49.44,33.34,35.24,40.90,33.78,
30-Jan,54.97,31.26,37.19,56.74,33.39,36.13,39.79,34.08,
31-Jan,53.33,30.55,39.30,59.31,33.83,39.80,39.16,34.87,15.61
01-Feb,51.43,29.96,42.43,59.35,34.64,41.28,40.12,34.53,
02-Feb,49.71,29.56,45.30,59.25,34.76,39.96,41.92,33.52,
03-Feb,47.90,29.13,46.59,59.05,34.00,38.70,42.11,32.67,
04-Feb,46.04,29.35,46.28,57.94,36.26,37.47,40.87,31.95,
05-Feb,44.62,31.09,45.26,56.87,38.76,36.32,43.73,31.40,
06-Feb,46.72,32.76,45.08,55.75,38.34,35.43,48.60,32.92,
07-Feb,48.30,32.80,47.07,53.29,37.40,34.81,49.69,34.38,21.67
08-Feb,46.96,32.01,50.97,51.25,36.56,34.04,48.36,33.70,
09-Feb,46.49,31.21,52.61,50.75,35.82,33.75,47.43,32.86,
10-Feb,45.81,30.63,51.37,51.54,34.89,33.76,47.82,32.56,
11-Feb,46.38,30.10,49.91,54.59,33.93,34.84,48.38,35.98,
12-Feb,47.21,29.60,48.43,58.66,33.34,35.81,48.11,38.90,
13-Feb,48.27,29.19,46.85,58.82,32.83,35.44,46.73,38.41,
14-Feb,48.49,29.55,45.08,56.99,32.68,35.11,45.19,37.68,30.94
15-Feb,46.88,29.72,43.52,55.38,36.75,36.28,44.46,39.62,
16-Feb,45.53,29.16,42.39,54.72,39.77,37.03,45.22,43.23,
17-Feb,44.15,28.97,41.60,57.29,38.45,35.99,47.31,44.99,
18-Feb,42.85,28.85,40.69,59.71,37.19,35.28,49.77,45.73,
19-Feb,41.90,29.09,41.30,60.08,36.35,34.61,50.04,45.03,
20-Feb,42.23,29.42,41.78,59.49,35.65,33.83,48.22,43.75,
21-Feb,42.35,29.12,40.53,58.88,35.00,33.06,47.54,42.73,25.61
22-Feb,41.61,28.65,40.00,56.98,34.73,32.33,47.20,41.75,
23-Feb,40.66,28.14,39.55,55.23,34.73,32.22,45.94,41.16,
24-Feb,40.30,27.56,38.97,56.92,34.87,33.69,45.72,40.63,
25-Feb,40.96,27.05,39.67,58.90,34.46,34.41,46.77,41.04,
26-Feb,40.81,26.66,39.83,58.58,34.78,33.63,47.59,40.99,
27-Feb,39.78,26.76,38.63,57.77,35.05,33.71,46.87,40.23,
28-Feb,40.72,26.76,37.41,58.27,34.06,33.89,45.77,39.83,27.82
29/2,40.72,26.36,36.26,58.94,34.06,34.41,44.96,38.98,
01-Mar,42.63,26.48,35.19,57.90,34.06,34.63,43.56,38.12,
02-Mar,42.61,26.77,34.30,56.43,36.24,33.74,41.99,37.17,
03-Mar,41.97,27.35,33.58,55.67,38.16,32.78,42.79,37.39,
04-Mar,41.20,28.04,32.76,55.59,37.64,31.87,45.43,38.43,
05-Mar,40.37,27.90,32.13,55.38,39.44,31.02,45.64,38.89,
06-Mar,39.79,27.35,31.55,54.44,42.93,30.24,44.01,38.55,16.54
07-Mar,40.19,27.03,30.83,53.33,47.78,29.87,43.02,37.69,
08-Mar,41.17,26.82,30.15,52.30,49.79,29.51,43.23,36.86,
09-Mar,42.11,26.62,29.45,51.05,48.69,28.92,42.86,35.96,
10-Mar,43.32,26.42,28.88,49.07,48.90,29.08,41.34,35.26,
11-Mar,43.58,26.71,28.34,47.92,49.49,30.24,40.07,34.51,
12-Mar,43.53,26.99,27.89,47.04,50.89,30.72,38.93,34.11,
13-Mar,43.09,26.90,27.50,45.68,54.08,30.14,37.78,33.88,10.17
14-Mar,42.88,26.72,26.97,44.81,55.53,29.49,37.14,33.25,
15-Mar,42.74,26.24,26.44,43.88,54.66,28.81,36.64,34.06,
16-Mar,41.72,26.36,26.04,42.85,53.23,28.26,35.78,34.81,
17-Mar,41.35,27.27,26.08,45.06,51.60,27.73,34.94,33.99,
18-Mar,42.40,27.64,26.43,46.59,50.25,27.38,34.08,33.87,
19-Mar,44.06,27.20,26.31,45.02,51.75,27.28,33.40,34.09,
20-Mar,44.10,26.70,25.94,43.81,53.25,27.48,32.99,34.07,7.81
21-Mar,43.20,26.38,25.68,42.51,51.70,28.91,32.37,33.80,
22-Mar,42.33,26.08,25.29,41.27,49.63,29.95,31.93,33.05,
23-Mar,40.99,25.63,24.86,40.40,48.09,29.44,32.09,32.18,
24-Mar,39.73,25.30,24.46,40.51,47.23,28.78,32.09,31.34,
25-Mar,38.65,24.96,24.05,40.79,45.99,28.15,31.51,30.69,
26-Mar,37.67,24.52,24.76,40.86,44.32,27.53,30.72,32.44,
27-Mar,38.20,24.18,25.60,41.05,42.79,26.99,29.99,34.06,10.57
28-Mar,38.61,23.86,25.32,40.49,41.88,26.50,29.38,33.21,
29-Mar,37.48,23.70,25.17,40.96,41.82,26.38,28.82,32.34,
30-Mar,36.61,23.65,25.06,41.84,41.24,26.50,28.39,31.59,
31-Mar,35.94,23.39,25.10,43.54,40.01,26.24,27.97,34.03,
01-Apr,35.23,23.05,25.05,44.37,38.83,25.94,27.40,36.21,
02-Apr,35.32,22.84,24.59,42.75,37.72,28.74,26.91,35.25,
03-Apr,37.78,25.53,24.21,41.23,36.65,31.15,26.51,34.46,7.93
04-Apr,41.90,29.69,23.88,39.84,35.58,30.36,26.06,33.93,
05-Apr,44.59,30.53,23.60,38.89,34.58,29.59,25.70,33.74,
06-Apr,47.78,29.81,23.41,39.33,33.68,28.87,25.36,33.22,
07-Apr,49.03,29.19,23.17,40.28,32.83,28.54,24.91,32.31,
08-Apr,47.01,28.60,22.88,41.12,32.01,28.25,24.49,31.59,
09-Apr,45.13,27.99,22.62,43.35,31.23,27.72,24.09,31.05,
10-Apr,43.44,27.71,22.33,45.19,31.40,27.41,23.71,30.55,9.81
11-Apr,42.25,27.53,22.04,44.57,31.70,27.22,23.35,30.18,
12-Apr,41.30,27.08,21.75,42.93,31.09,27.20,23.00,29.74,
13-Apr,40.74,26.60,21.48,41.42,30.35,26.98,22.73,29.12,
14-Apr,40.25,26.14,21.24,40.05,29.93,26.54,22.47,28.52,
15-Apr,39.33,25.99,21.01,38.78,30.50,26.14,22.17,28.06,
16-Apr,38.34,25.81,21.04,37.57,30.89,25.65,21.88,27.90,
17-Apr,37.26,25.81,21.27,37.39,33.11,25.18,21.60,27.67,5.42
18-Apr,36.18,26.06,21.34,38.42,37.17,24.74,21.33,27.38,
19-Apr,35.17,25.83,21.20,39.44,38.89,24.35,21.07,27.11,
20-Apr,34.21,25.44,20.96,39.67,38.90,24.61,20.82,26.82,
21-Apr,33.32,25.29,20.78,38.86,38.13,24.81,20.57,26.70,
22-Apr,32.49,25.05,20.64,37.67,36.92,24.51,20.34,26.41,
23-Apr,31.73,25.50,20.43,36.56,35.81,26.08,20.20,25.92,
24-Apr,31.03,26.20,20.21,35.51,34.78,28.49,20.10,25.89,3.88
25-Apr,30.32,26.23,20.33,34.53,33.81,28.85,19.93,25.86,
26-Apr,29.63,26.00,21.07,33.60,32.92,28.23,19.85,25.71,
27-Apr,28.97,25.63,21.48,32.72,32.81,27.65,19.76,26.35,
28-Apr,28.48,26.17,21.54,31.90,32.69,27.23,19.60,26.70,
29-Apr,28.79,26.72,21.94,31.65,32.52,26.83,19.46,26.23,
30-Apr,29.69,26.40,22.20,31.45,33.90,26.32,19.30,26.21,
01-May,31.86,25.95,22.12,30.80,34.61,25.82,19.15,26.93,3.08
02-May,33.14,25.55,21.88,30.49,33.70,25.35,19.02,30.51,
03-May,32.35,25.23,21.95,30.14,32.79,24.91,18.97,39.51,
04-May,31.60,24.85,22.07,29.66,32.43,24.48,18.90,44.67,
05-May,30.85,24.54,22.48,29.22,32.41,24.61,18.73,43.26,
06-May,30.14,24.26,23.24,29.28,32.09,25.57,19.43,42.30,
07-May,29.46,23.89,23.53,29.30,31.51,26.10,20.50,41.78,
08-May,28.86,24.23,23.52,28.69,30.85,25.75,20.65,40.72,3.19
09-May,28.29,24.73,23.61,28.10,30.15,25.29,20.63,39.55,
10-May,27.72,24.53,26.85,27.55,29.49,24.85,20.56,38.54,
11-May,27.19,24.24,29.71,27.02,28.91,24.42,20.33,37.42,
12-May,26.76,23.95,29.21,26.51,28.37,24.46,20.11,36.33,
13-May,26.99,23.57,28.54,26.06,27.80,26.06,19.91,35.98,
14-May,27.10,23.23,28.30,25.77,27.26,27.78,19.72,37.44,
15-May,26.59,22.90,30.19,25.47,26.74,27.78,19.54,38.77,2.04
16-May,26.83,22.58,32.09,25.04,26.26,27.19,19.77,38.22,
17-May,29.80,22.28,31.83,24.63,25.79,26.79,20.01,37.21,
18-May,32.03,21.98,31.09,24.25,25.39,27.11,19.85,36.24,
19-May,31.42,21.87,30.36,23.88,25.01,27.40,19.68,35.41,
20-May,31.22,21.85,29.64,23.54,24.61,27.37,19.50,35.88,
21-May,31.74,21.78,28.98,23.20,24.24,27.30,19.32,36.13,
22-May,32.07,21.65,28.36,22.89,23.88,26.96,19.14,36.86,2.30
23-May,31.72,21.43,27.78,22.58,23.54,26.62,19.31,38.50,
24-May,30.96,21.18,27.23,22.29,23.20,26.26,19.72,40.00,
25-May,30.22,20.95,26.71,22.01,22.88,25.92,19.77,40.69,
26-May,29.54,20.71,26.21,21.74,22.57,25.56,19.58,46.97,
27-May,28.90,20.48,25.94,21.49,22.27,25.14,19.39,54.08,
28-May,28.30,20.30,25.78,21.24,22.04,24.77,19.21,53.67,
29-May,27.73,20.14,25.72,21.01,22.18,24.50,19.55,51.74,1.30
30-May,27.50,20.08,28.34,20.78,22.27,24.20,20.03,50.19,
31-May,27.69,19.99,33.08,20.56,22.02,24.06,19.97,49.31,
01-Jun,27.68,19.79,37.18,20.34,21.94,23.94,19.77,48.85,
02-Jun,27.49,19.60,39.50,20.14,21.95,23.61,19.58,47.67,
03-Jun,27.28,19.45,40.08,19.96,21.82,23.28,19.39,46.11,
04-Jun,26.87,19.31,40.27,19.79,21.59,23.00,19.21,44.64,
05-Jun,26.39,19.15,41.59,19.60,21.34,23.97,19.04,43.09,3.41
06-Jun,25.93,18.99,42.30,19.42,21.15,24.94,18.88,41.67,
07-Jun,25.48,18.85,41.06,19.38,21.09,25.03,18.72,42.32,
08-Jun,25.06,18.71,39.66,19.34,21.20,25.00,18.57,42.97,
09-Jun,24.67,18.58,38.54,19.17,21.58,24.56,18.42,41.80,
10-Jun,24.31,18.46,37.58,19.06,21.79,24.45,18.28,40.94,
11-Jun,23.97,18.34,36.57,18.95,21.60,24.34,18.14,40.42,
12-Jun,23.61,18.22,35.58,18.79,21.34,24.06,18.01,40.11,2.43
13-Jun,23.64,18.09,34.64,18.67,21.09,23.83,17.89,39.85,
14-Jun,23.78,17.97,33.75,18.56,20.85,23.53,17.77,41.33,
15-Jun,23.56,17.88,32.91,18.43,20.69,23.85,17.65,42.90,
16-Jun,23.23,17.82,32.10,18.29,20.59,24.60,17.54,42.13,
17-Jun,22.91,17.73,31.35,18.20,20.83,24.65,17.44,40.86,
18-Jun,22.61,17.62,30.79,18.17,21.38,24.37,17.34,39.81,
19-Jun,22.36,17.51,30.28,18.10,21.55,24.24,17.25,38.74,1.60
20-Jun,22.22,23.56,29.66,17.98,21.34,24.01,17.15,37.76,
21-Jun,22.04,31.86,29.06,17.86,21.12,23.68,17.05,37.24,
22-Jun,21.78,32.88,28.49,17.75,20.90,23.33,16.96,36.68,
23-Jun,21.53,31.99,28.47,17.64,20.68,23.00,16.87,35.75,
24-Jun,21.29,31.03,28.46,17.54,20.47,22.69,16.78,34.80,
25-Jun,21.16,30.24,27.95,17.62,20.26,22.39,16.69,33.96,
26-Jun,21.08,29.64,27.45,17.70,20.06,22.13,16.62,33.39,1.00
27-Jun,20.91,29.01,26.95,17.59,19.87,21.93,16.55,32.93,
28-Jun,20.71,28.34,26.47,17.48,19.68,21.72,16.47,32.29,
29-Jun,20.50,27.72,26.02,17.38,19.50,21.48,16.40,31.95,
30-Jun,20.29,27.45,25.58,17.28,19.32,21.22,16.33,33.51,
01-Jul,20.12,27.63,25.16,17.18,19.14,20.97,16.26,35.16,
02-Jul,19.97,27.54,24.75,17.09,18.98,20.92,16.19,35.88,
03-Jul,19.82,27.07,24.40,17.03,18.82,20.88,16.13,42.98,1.05
04-Jul,19.66,27.53,24.06,16.97,19.43,21.59,16.06,50.01,
05-Jul,19.50,28.79,23.70,16.94,20.02,22.43,16.00,49.50,
06-Jul,19.33,29.06,23.41,17.14,19.82,22.28,16.00,47.74,
07-Jul,19.17,28.45,23.42,17.41,19.63,21.98,16.80,46.72,
08-Jul,19.02,27.85,23.83,17.45,19.44,21.71,17.99,45.53,
09-Jul,18.86,27.27,24.21,17.34,19.26,21.44,18.25,43.89,
10-Jul,18.72,26.74,24.14,17.23,19.26,21.18,18.12,42.35,0.90
11-Jul,18.59,26.25,23.81,17.15,19.47,20.93,18.02,41.21,
12-Jul,18.45,25.79,23.45,17.08,19.73,20.69,17.88,40.55,
13-Jul,18.32,25.34,23.12,17.00,19.77,20.46,18.14,41.41,
14-Jul,18.19,24.91,22.80,17.09,19.59,20.46,18.64,46.74,
15-Jul,18.09,24.49,22.49,17.25,19.42,20.47,18.93,51.58,
16-Jul,17.99,24.09,22.19,18.01,19.25,20.55,19.95,51.16,
17-Jul,17.87,23.72,22.21,18.68,19.09,20.74,20.88,49.06,0.66
18-Jul,17.76,23.37,22.49,18.50,18.93,20.63,20.77,47.12,
19-Jul,17.64,23.03,22.67,18.35,18.81,20.41,20.51,45.36,
20-Jul,17.52,22.71,22.72,18.20,18.72,20.20,20.27,43.73,
21-Jul,17.43,22.40,22.58,18.06,18.60,20.00,20.04,42.24,
22-Jul,17.33,22.10,22.31,17.93,18.47,19.81,19.82,40.86,
23-Jul,17.23,21.86,22.03,17.81,18.35,19.64,19.61,39.57,
24-Jul,17.15,23.21,21.76,17.68,18.26,19.46,19.44,38.35,0.89
25-Jul,17.05,24.48,21.49,17.56,18.26,19.29,19.27,37.22,
26-Jul,16.95,24.14,21.24,17.44,18.21,19.12,19.08,36.14,
27-Jul,16.86,24.26,21.00,17.32,18.08,18.95,19.04,35.15,
28-Jul,16.79,24.28,20.77,17.21,17.95,18.79,19.00,34.20,
29-Jul,16.73,23.93,20.54,17.11,17.83,18.63,18.82,33.29,
30-Jul,16.89,23.62,20.33,17.01,17.71,18.48,18.65,32.43,
31-Jul,17.03,27.35,20.12,17.14,17.59,18.33,18.52,31.66,0.63
01-Aug,16.95,31.02,19.92,17.25,17.48,18.19,18.40,30.96,
02-Aug,16.86,30.45,19.73,17.28,17.37,18.04,18.26,30.27,
03-Aug,16.77,29.69,19.54,17.54,17.26,17.91,18.13,29.61,
04-Aug,16.73,28.98,19.35,17.67,17.51,17.83,17.99,28.99,
05-Aug,16.74,28.32,19.17,17.58,17.76,17.80,17.86,28.36,
06-Aug,16.72,27.69,18.99,17.47,17.63,17.76,17.74,27.78,
07-Aug,16.63,27.17,19.18,17.35,17.51,17.67,17.62,27.28,0.48
08-Aug,16.55,26.95,19.57,17.24,17.39,17.55,17.50,27.20,
09-Aug,16.97,26.69,19.57,17.13,17.28,17.44,17.38,27.17,
10-Aug,17.68,26.20,19.36,17.03,17.74,17.34,17.27,26.74,
11-Aug,17.82,25.73,19.17,16.92,18.48,17.23,17.16,26.25,
12-Aug,17.74,25.27,18.99,16.82,18.71,17.13,17.06,25.89,
13-Aug,17.69,24.84,18.81,16.72,18.66,17.03,16.96,25.54,
14-Aug,18.16,24.42,18.65,16.67,18.50,16.93,16.86,25.47,0.43
15-Aug,18.85,24.02,18.57,16.75,18.34,16.83,16.76,25.63,
16-Aug,18.98,23.64,18.60,16.82,18.32,16.83,16.67,25.65,
17-Aug,18.82,23.32,18.63,16.78,18.33,17.09,16.59,25.53,
18-Aug,18.64,23.00,18.78,16.71,18.21,17.23,16.50,25.19,
19-Aug,18.48,22.67,19.11,16.63,18.05,17.18,16.41,24.75,
20-Aug,18.30,22.35,19.40,16.54,17.90,17.13,16.35,24.34,
21-Aug,18.23,22.05,19.48,16.45,17.76,17.07,16.29,23.93,1.46
22-Aug,18.22,21.76,19.32,16.37,17.63,17.02,16.20,23.55,
23-Aug,18.16,21.48,19.13,16.28,17.52,17.02,16.13,23.19,
24-Aug,18.09,21.21,18.95,16.20,17.41,17.12,16.05,23.08,
25-Aug,18.09,20.94,18.77,16.12,17.29,17.10,15.97,22.97,
26-Aug,18.87,20.74,18.60,16.04,17.21,16.98,15.91,23.89,
27-Aug,20.23,20.83,18.51,15.96,17.14,16.87,15.88,25.17,
28-Aug,20.64,20.84,18.43,15.89,17.10,16.77,15.84,25.07,1.05
29-Aug,20.34,20.59,18.28,15.82,17.06,16.66,15.85,24.59,
30-Aug,20.06,20.34,18.13,15.75,17.10,16.70,15.97,24.13,
31-Aug,19.81,20.60,18.04,15.68,17.41,16.87,16.01,23.70,
01-Sep,19.57,21.12,17.95,15.62,17.66,16.91,15.99,23.44,
02-Sep,19.41,21.15,17.82,15.56,17.99,16.82,15.97,23.22,
03-Sep,19.29,20.93,17.70,15.50,18.23,16.73,15.90,22.89,
04-Sep,19.24,20.69,17.58,15.44,18.10,16.63,15.83,22.54,0.75
05-Sep,19.16,20.45,17.47,15.38,17.96,16.64,15.78,22.21,
06-Sep,18.97,20.21,17.36,15.47,17.81,16.64,15.72,21.90,
07-Sep,18.80,19.98,17.25,15.55,17.67,16.55,15.65,21.99,
08-Sep,18.67,19.77,17.15,15.48,17.54,16.46,15.59,22.67,
09-Sep,18.69,19.66,17.05,15.43,17.41,16.37,15.53,22.89,
10-Sep,18.68,19.56,16.99,15.37,17.28,16.33,15.48,22.72,
11-Sep,18.57,19.39,17.25,15.39,17.16,16.58,15.42,22.67,0.42
12-Sep,18.46,19.20,17.62,15.80,17.04,16.94,15.36,22.45,
13-Sep,18.30,19.00,17.64,16.13,16.95,17.04,15.31,22.12,
14-Sep,18.14,18.87,17.51,16.03,16.90,16.98,15.25,21.80,
15-Sep,18.30,19.45,17.39,15.95,16.86,16.88,15.20,21.49,
16-Sep,18.70,20.09,17.27,15.87,16.81,16.78,15.16,21.19,
17-Sep,18.77,20.07,17.16,15.80,16.75,16.68,15.11,20.90,
18-Sep,18.59,19.95,17.04,15.73,16.68,16.59,15.06,20.68,0.77
19-Sep,18.42,19.75,16.95,16.28,16.59,16.49,15.01,20.47,
20-Sep,19.04,19.55,16.86,16.88,16.50,16.40,14.97,20.22,
21-Sep,20.92,19.35,16.80,16.80,16.41,16.30,14.93,19.97,
22-Sep,21.99,20.70,16.88,16.68,16.57,16.37,14.95,19.75,
23-Sep,21.73,22.33,16.94,16.57,16.86,16.64,15.06,19.55,
24-Sep,21.39,22.25,16.87,16.46,16.88,16.87,15.10,19.35,
25-Sep,21.08,21.91,16.77,16.36,16.78,16.91,15.05,19.26,0.76
26-Sep,20.80,21.63,16.66,16.26,16.72,16.84,15.00,19.16,
27-Sep,20.51,21.89,16.67,16.20,16.66,16.74,14.95,18.96,
28-Sep,20.28,22.16,17.07,16.15,16.56,16.63,14.91,18.79,
29-Sep,20.11,21.92,17.52,16.10,16.46,16.54,14.88,18.81,
30-Sep,19.92,21.63,17.55,16.04,16.37,16.45,14.85,19.10,
01-Oct,19.68,21.32,17.41,15.96,16.28,16.44,14.83,19.26,
02-Oct,19.54,21.01,17.28,15.89,16.19,16.43,14.87,19.19,1.60
03-Oct,19.63,20.76,17.15,15.88,16.11,16.33,14.90,19.11,
04-Oct,19.68,20.61,17.05,15.89,16.16,17.78,14.90,18.95,
05-Oct,19.62,20.46,17.10,15.83,16.58,19.28,14.89,18.76,
06-Oct,19.53,20.25,17.15,15.76,16.93,19.05,14.85,18.57,
07-Oct,19.32,20.05,17.07,15.93,16.89,18.83,14.83,18.41,
08-Oct,19.16,19.85,17.03,16.13,16.89,18.64,14.82,18.41,
09-Oct,19.24,19.63,16.99,16.07,16.85,18.49,14.79,18.83,2.04
10-Oct,19.31,19.42,16.91,16.04,16.73,18.33,14.77,19.35,
11-Oct,19.30,19.21,16.82,16.00,16.78,18.15,14.76,19.41,
12-Oct,19.52,19.01,16.79,16.14,16.90,18.56,14.73,19.22,
13-Oct,19.66,18.81,16.88,16.54,16.88,18.94,14.70,19.03,
14-Oct,19.49,18.64,17.55,16.73,16.91,18.77,14.69,18.84,
15-Oct,19.30,18.48,18.15,16.63,16.91,18.71,14.68,18.67,
16-Oct,19.12,18.61,18.07,16.56,16.80,19.74,14.65,18.51,1.41
17-Oct,18.91,18.73,18.05,16.74,16.82,20.94,14.62,18.37,
18-Oct,18.79,18.56,18.50,18.19,17.38,20.98,14.59,18.21,
19-Oct,18.68,18.43,18.84,20.45,17.89,20.74,14.56,18.04,
20-Oct,18.49,18.30,18.68,21.43,17.82,20.44,14.53,17.87,
21-Oct,18.32,18.14,18.48,21.53,17.66,20.15,14.50,17.72,
22-Oct,18.20,18.27,18.30,21.33,17.51,20.00,14.61,17.58,
23-Oct,18.58,18.44,18.19,20.95,17.37,20.85,14.72,17.45,1.93
24-Oct,19.10,18.44,18.24,20.60,18.16,21.57,14.70,17.33,
25-Oct,19.08,18.44,18.44,20.33,19.29,22.52,14.71,17.22,
26-Oct,18.87,18.38,18.52,20.10,19.44,23.81,14.71,17.36,
27-Oct,18.67,18.27,18.43,20.17,19.26,23.79,14.68,17.96,
28-Oct,18.47,18.10,18.35,20.48,19.34,23.47,14.72,18.26,
29-Oct,18.60,17.97,18.41,20.52,19.40,23.21,14.78,18.33,
30-Oct,18.80,17.84,18.39,20.32,19.20,22.99,14.90,19.32,2.23
31-Oct,19.16,17.79,18.52,20.07,18.98,22.72,15.02,21.11,
01-Nov,20.44,18.17,19.87,19.80,18.77,22.35,14.99,23.06,
02-Nov,21.13,18.58,20.95,19.56,18.70,22.02,14.94,24.45,
03-Nov,20.77,18.61,21.44,19.32,18.68,21.81,14.90,25.27,
04-Nov,20.46,18.49,23.94,19.10,18.60,21.97,15.09,25.56,
05-Nov,20.39,18.34,25.94,18.93,18.47,22.16,15.35,25.18,
06-Nov,20.33,18.19,25.90,19.13,18.30,21.95,15.36,25.03,1.53
07-Nov,20.18,18.04,25.63,19.64,18.14,21.62,15.30,24.90,
08-Nov,20.27,17.90,25.76,20.02,18.01,21.34,15.24,24.42,
09-Nov,21.20,17.80,25.84,20.30,17.87,21.26,15.20,23.92,
10-Nov,21.98,17.76,25.43,20.35,17.72,22.11,15.16,23.71,
11-Nov,21.75,18.02,24.86,20.37,17.69,22.82,15.11,24.05,
12-Nov,21.41,18.68,24.40,20.41,17.67,22.51,15.06,24.11,
13-Nov,21.10,19.02,23.98,20.20,17.64,22.13,15.17,23.98,1.31
14-Nov,20.80,18.86,23.56,20.18,17.81,21.76,15.51,23.82,
15-Nov,20.51,18.81,23.41,20.13,17.95,21.44,15.85,23.37,
16-Nov,20.23,18.74,24.65,20.79,17.88,23.03,15.92,22.96,
17-Nov,19.98,18.84,26.13,21.76,17.80,24.71,15.90,22.58,
18-Nov,19.77,19.01,27.15,21.80,17.74,29.19,15.88,22.21,
19-Nov,19.57,18.89,28.31,21.53,17.68,33.11,15.89,23.26,
20-Nov,19.45,18.72,29.25,21.84,17.60,32.69,15.89,24.48,1.08
21-Nov,19.78,18.66,29.92,24.32,17.49,32.45,15.92,24.19,
22-Nov,20.17,18.90,30.39,26.10,17.79,32.99,16.15,23.71,
23-Nov,22.60,19.20,30.31,25.70,18.12,36.43,16.49,23.25,
24-Nov,24.85,20.03,29.61,25.32,18.00,38.22,16.71,22.93,
25-Nov,24.48,21.37,29.07,24.99,18.91,37.22,16.71,22.63,
26-Nov,23.95,22.16,29.89,25.74,20.01,36.34,16.64,22.26,
27-Nov,23.48,22.17,30.51,26.36,20.14,35.29,16.62,22.68,0.70
28-Nov,23.07,21.81,29.73,25.77,20.05,34.29,16.68,25.17,
29-Nov,23.01,21.49,29.45,25.20,21.25,33.70,16.77,27.50,
30-Nov,23.19,21.21,29.88,24.67,22.34,34.60,16.83,27.59,
01-Dec,23.33,20.96,30.32,24.27,21.96,35.58,16.90,26.96,
02-Dec,23.17,20.71,30.14,23.90,21.89,35.27,16.91,26.35,
03-Dec,22.77,20.44,29.71,23.49,21.78,34.60,16.87,25.81,
04-Dec,23.03,20.18,29.21,23.91,21.50,34.70,16.86,25.37,3.78
05-Dec,23.48,19.94,28.73,26.58,21.25,35.47,16.81,25.54,
06-Dec,23.38,20.45,28.46,28.42,22.38,35.45,16.81,25.94,
07-Dec,23.08,20.94,29.66,29.41,23.51,34.62,16.86,26.07,
08-Dec,22.97,20.72,31.01,30.30,23.15,33.90,16.85,25.87,
09-Dec,22.93,20.63,30.67,29.71,22.75,33.72,17.17,25.65,
10-Dec,23.07,20.88,31.54,29.73,22.40,33.22,17.57,25.56,
11-Dec,23.25,21.12,32.34,30.16,23.34,32.38,17.59,25.16,9.48
12-Dec,24.46,21.06,31.80,30.10,25.50,31.58,18.19,24.77,
13-Dec,25.70,20.99,31.93,29.58,26.82,30.79,20.05,24.43,
14-Dec,26.07,20.96,31.80,28.81,27.17,30.12,21.02,24.02,
15-Dec,26.32,20.91,30.95,28.10,27.11,29.59,20.63,24.56,
16-Dec,25.88,22.47,30.13,27.44,26.91,29.00,20.29,25.15,
17-Dec,25.32,23.89,29.36,26.84,27.47,28.43,19.98,24.89,
18-Dec,24.81,23.43,28.65,26.32,27.71,30.35,19.70,25.76,5.04
19-Dec,25.37,23.03,28.01,25.82,27.03,33.63,19.47,27.36,
20-Dec,26.47,22.75,27.44,26.85,26.40,34.17,19.72,28.19,
21-Dec,26.47,22.96,27.04,28.13,26.02,33.21,20.65,28.18,
22-Dec,25.92,23.23,26.88,27.84,26.23,32.30,21.12,27.75,
23-Dec,25.46,23.20,27.05,27.28,27.15,33.20,21.44,27.31,
24-Dec,25.03,23.89,27.72,26.69,27.95,34.03,22.64,27.35,
25-Dec,25.13,24.42,28.15,26.24,28.62,33.47,24.07,27.47,
26-Dec,25.55,24.22,27.76,25.90,28.80,32.98,24.71,27.20,
27-Dec,26.02,24.03,27.21,25.80,29.14,32.41,26.53,27.06,
28-Dec,26.16,23.71,26.98,26.19,29.44,31.83,29.89,26.79,
29-Dec,26.20,23.54,26.67,26.72,29.01,31.21,30.98,26.39,
30-Dec,26.17,23.38,26.22,27.02,28.58,30.64,30.30,26.10,
31-Dec,25.59,23.04,25.89,26.80,28.18,30.10,30.26,26.10,
