Dia/Mes,1980,1981,1982,1983,1984,1985,1986,1987,1988,1989,1990,1991,1992,1993,1994,1995,1996,1997,1998,1999,2000,2001,2002,2003,2004,2005,2006,2007,2008,2009,2010,2011,2012,2013,2014,2015,CORANI
1/1,79.34,38.50,55.05,53.00,39.12,50.14,36.49,46.92,53.42,53.75,41.11,39.34,40.21,57.86,47.63,47.53,40.25,52.03,49.10,46.77,47.41,41.94,40.26,39.02,57.65,44.43,43.55,47.31,63.05,39.62,55.86,43.71,42.39,44.30,40.01,43.75,
2/1,79.34,38.44,54.76,52.11,42.90,51.82,36.21,51.80,52.85,53.64,40.51,39.40,40.47,61.37,47.19,50.17,39.69,51.74,49.65,46.41,46.46,42.27,40.34,39.94,58.27,44.32,43.01,47.34,61.71,40.19,54.56,43.57,42.55,44.64,40.98,44.15,
3/1,78.07,39.94,53.82,51.03,43.66,51.57,36.28,56.12,52.44,53.78,41.30,40.39,41.37,60.41,47.50,53.21,39.21,51.22,49.77,45.90,45.53,41.84,40.46,41.14,57.19,44.09,42.56,48.39,60.63,43.76,55.61,42.76,42.00,44.61,41.66,50.81,26.68
4/1,77.09,43.25,52.73,50.18,43.41,51.33,37.10,54.86,51.64,53.36,42.09,42.40,41.68,59.05,47.32,53.79,38.80,50.51,50.00,45.22,44.70,42.88,39.96,46.05,55.83,43.74,43.19,50.53,59.56,50.25,56.83,42.13,41.39,43.90,42.36,56.11,
5/1,76.43,44.95,51.48,49.44,43.50,50.51,38.06,53.67,51.06,53.29,41.89,43.53,41.12,60.63,46.49,54.44,38.59,49.58,50.20,44.99,44.28,44.39,41.57,49.64,54.96,43.09,43.60,51.97,59.33,51.95,55.96,41.65,40.73,43.27,42.34,54.70,
6/1,75.89,46.02,51.10,48.61,44.23,51.10,38.26,54.36,51.88,52.47,41.63,43.87,40.55,64.48,45.65,54.95,38.47,48.80,50.12,45.07,43.97,44.73,43.70,48.50,53.97,43.27,42.90,51.61,59.25,50.44,54.85,43.63,40.12,42.82,41.87,53.40,
7/1,75.96,47.11,51.29,47.63,44.62,52.37,37.94,55.33,53.14,51.42,41.06,44.57,40.12,68.60,44.85,54.04,38.15,49.00,50.20,48.97,43.32,44.75,43.87,47.46,52.97,43.35,42.19,51.06,58.08,49.23,53.74,45.46,39.58,42.44,41.39,52.77,
8/1,76.19,46.86,51.15,46.87,44.37,52.70,37.50,55.34,52.78,54.71,40.46,45.15,40.39,72.57,44.17,54.37,37.81,49.93,49.89,51.90,42.62,45.11,43.51,47.07,52.55,43.24,41.53,50.56,57.49,48.36,55.22,45.45,39.25,42.05,41.27,51.97,
9/1,75.71,46.30,52.51,48.14,44.02,52.21,37.18,55.92,53.46,58.13,40.00,45.40,41.00,73.18,44.14,56.59,38.49,50.49,49.89,50.84,41.96,46.48,42.85,46.86,52.23,43.49,41.02,49.99,58.35,48.96,56.55,45.32,38.89,42.01,42.18,51.10,
10/1,75.16,45.64,54.19,50.32,43.46,51.19,36.89,55.73,54.12,58.77,41.99,45.71,41.12,72.93,44.45,58.13,40.14,50.46,49.53,50.50,41.94,47.55,42.20,46.28,52.72,45.24,41.20,49.42,58.82,49.75,55.47,44.50,38.52,42.71,42.76,50.27,25.35
11/1,75.26,46.01,54.31,51.81,44.03,50.03,37.60,54.45,53.42,58.46,44.15,46.00,41.08,72.24,44.09,61.12,41.57,50.04,48.89,50.12,42.30,47.85,41.57,45.60,54.98,47.47,42.27,48.81,58.23,50.73,54.88,45.25,41.49,43.31,42.53,49.50,
12/1,75.16,46.64,53.54,52.13,46.29,50.30,38.72,53.41,52.61,56.67,44.52,51.08,42.74,69.43,43.34,64.24,43.65,49.40,48.64,49.17,42.45,47.79,40.94,45.39,55.92,47.70,44.21,50.61,58.00,51.08,54.76,48.07,47.38,43.25,42.60,50.67,
13/1,74.63,48.01,52.35,51.95,49.76,50.64,40.20,52.93,52.10,55.01,44.49,57.97,47.82,67.09,42.64,66.65,46.54,49.11,48.23,48.24,42.24,47.73,41.44,47.16,56.70,47.29,47.69,53.09,57.38,50.01,56.52,52.64,50.16,42.95,43.06,52.03,
14/1,74.16,52.50,53.20,52.29,54.68,49.63,41.15,53.25,51.61,53.52,49.29,59.85,54.13,65.30,41.96,68.17,48.04,48.99,47.64,47.48,41.72,47.76,43.00,49.00,58.74,49.45,50.26,53.81,56.31,49.39,58.44,55.41,49.80,42.38,43.06,51.48,
15/1,73.57,55.75,54.86,56.87,58.43,48.72,40.56,53.25,51.11,52.52,54.00,59.10,63.59,63.72,41.33,67.51,47.99,48.42,47.19,46.77,42.32,47.31,44.77,48.71,59.27,52.78,50.67,53.68,55.89,48.72,57.98,55.01,48.78,42.04,43.20,52.05,
16/1,73.10,55.35,54.83,61.83,59.26,48.09,40.16,52.60,51.36,54.04,53.66,57.50,68.34,62.16,40.93,66.57,47.34,47.60,48.56,45.96,43.65,46.56,45.45,48.40,58.37,53.66,50.35,54.17,55.15,52.21,56.59,53.80,47.68,41.87,43.69,52.89,
17/1,72.69,54.46,54.13,61.36,58.30,47.51,40.33,51.92,51.21,59.03,53.14,57.07,67.09,60.86,40.61,65.63,47.37,47.71,49.71,45.26,44.12,46.23,44.74,48.06,56.98,52.97,49.89,54.85,54.22,55.92,55.38,54.01,46.69,41.58,43.90,52.66,24.63
18/1,72.38,54.02,56.41,59.51,56.69,46.79,40.88,51.34,50.71,61.62,58.44,56.73,64.46,59.50,40.17,65.44,47.60,49.35,48.90,44.90,43.71,46.79,43.90,50.06,55.47,51.74,49.75,54.67,54.02,56.08,55.68,56.58,47.14,41.15,44.38,52.67,
19/1,71.05,53.27,58.77,61.41,55.14,45.96,42.40,52.25,49.98,60.39,62.58,55.35,62.14,59.11,40.33,64.50,47.26,51.27,48.10,46.46,43.82,47.05,43.11,52.68,54.31,50.50,50.05,54.33,54.59,60.52,59.36,57.26,47.48,40.88,44.97,52.26,
20/1,68.67,52.47,58.20,63.56,54.00,45.33,43.34,53.11,49.09,58.85,60.43,53.88,60.08,59.48,40.75,62.96,46.96,51.71,47.26,48.96,44.18,47.79,42.39,54.72,53.47,49.36,50.64,54.91,56.67,64.02,62.37,56.71,46.46,41.05,46.71,51.48,
21/1,66.86,58.13,57.03,62.57,53.63,45.52,42.72,52.49,48.32,57.97,58.41,52.57,58.48,58.83,40.69,61.72,46.46,50.93,46.33,50.19,43.90,48.61,42.00,55.61,53.10,48.26,50.88,55.76,58.35,62.47,61.63,56.45,45.78,40.98,48.32,51.05,
22/1,65.27,65.86,56.72,62.22,53.46,45.73,42.06,51.66,48.07,58.55,56.86,51.68,57.27,58.95,41.81,60.01,48.17,49.96,46.47,49.97,43.64,50.67,42.87,54.28,52.84,47.24,52.71,55.25,61.37,60.36,59.74,56.10,45.99,40.54,50.95,50.39,
23/1,63.55,67.41,56.67,62.04,53.69,45.26,41.63,52.12,50.40,58.78,55.64,51.27,55.90,59.72,42.70,58.33,50.53,48.86,47.01,48.77,44.05,52.26,43.55,53.79,52.40,48.41,54.36,54.30,70.44,58.52,57.95,56.07,46.22,40.03,54.82,49.25,
24/1,62.08,66.56,55.46,60.78,55.74,44.56,41.51,55.20,52.79,58.51,54.41,51.09,54.56,59.74,42.14,57.51,50.96,47.84,46.77,47.72,44.43,51.48,43.76,54.23,51.61,50.75,56.20,53.51,73.07,56.92,56.43,55.81,45.71,39.48,59.17,48.35,16.80
25/1,62.91,65.09,53.96,59.21,56.51,43.95,41.39,58.61,53.34,60.55,54.00,50.53,53.30,59.64,42.01,56.60,50.98,47.50,46.91,46.77,44.34,50.86,43.84,54.05,50.45,50.99,57.38,53.69,72.83,55.42,55.16,56.18,48.36,39.30,70.70,47.88,
26/1,63.96,63.07,52.66,57.94,55.17,45.44,40.96,59.50,53.09,62.96,53.96,49.77,52.64,61.30,44.02,55.88,50.38,47.23,46.80,45.90,44.79,50.44,43.25,53.07,49.52,51.07,58.71,59.39,72.55,53.97,53.98,56.45,51.16,39.36,73.39,48.10,
27/1,63.49,63.18,51.46,58.14,54.33,46.90,40.39,58.70,52.23,63.06,53.03,51.22,52.09,62.15,48.24,55.47,49.88,46.71,46.01,45.29,45.89,49.72,43.18,52.46,48.56,50.90,59.84,64.46,72.50,52.78,54.90,55.61,50.49,40.73,73.10,48.35,
28/1,65.88,64.62,50.31,58.18,56.28,46.30,39.91,57.63,51.59,61.65,51.80,53.56,51.08,61.04,49.84,57.34,50.72,46.94,46.53,44.77,46.73,48.68,43.09,53.21,47.53,49.70,58.28,63.90,73.54,52.36,55.64,54.27,49.42,41.74,72.80,47.90,
29/1,68.69,64.06,49.30,56.65,58.82,45.50,39.43,56.40,50.77,60.16,50.67,53.63,50.10,60.10,49.51,62.89,50.99,46.89,50.22,45.88,46.79,47.88,43.08,53.54,46.57,48.69,56.61,64.68,74.26,52.17,54.35,52.87,48.47,41.18,74.24,47.23,
30/1,68.42,63.16,48.35,55.13,59.21,44.71,39.24,55.10,49.81,59.49,50.64,57.10,49.10,61.58,49.47,70.19,53.30,48.91,55.22,47.88,46.84,47.12,43.01,52.32,45.69,49.58,55.20,67.90,73.95,51.47,53.24,51.82,48.03,40.71,75.28,47.53,
31/1,66.78,62.01,47.38,56.57,58.98,44.00,39.13,57.49,49.74,59.80,52.75,61.64,48.62,62.51,50.00,72.76,56.40,52.04,56.95,48.65,47.28,47.04,42.37,51.03,44.92,53.25,53.99,70.39,73.61,50.66,52.61,51.14,48.12,40.24,75.38,48.32,15.61
1/2,64.88,60.36,46.59,59.07,57.86,43.41,39.09,60.99,49.60,63.74,55.88,62.11,49.13,60.64,51.23,72.80,56.79,55.57,56.47,50.29,48.09,46.99,42.46,50.83,44.19,54.73,52.81,70.24,73.21,49.71,53.57,51.83,48.15,39.84,75.87,47.98,
2/2,63.16,59.77,45.89,58.50,56.40,43.01,39.61,60.92,48.60,66.32,58.75,61.07,49.49,60.17,52.62,72.70,57.56,63.12,57.42,52.63,48.21,47.41,44.01,51.52,43.53,53.41,51.61,68.70,72.74,48.63,55.37,53.41,49.03,39.64,75.79,46.97,
3/2,61.35,59.35,45.31,56.74,55.73,42.58,39.82,59.46,47.68,64.97,60.04,59.51,50.62,60.18,52.98,72.50,60.96,67.27,57.80,52.98,47.45,48.13,44.88,52.65,44.31,52.15,50.45,67.42,72.52,47.66,55.56,53.44,50.15,40.57,75.96,46.12,
4/2,59.49,59.30,47.12,55.16,55.14,42.80,40.17,58.99,47.15,64.08,59.73,57.83,51.49,59.09,51.95,71.39,63.27,65.71,56.42,51.86,49.71,48.00,44.62,54.01,45.24,50.92,49.51,66.23,71.92,46.99,54.32,53.84,51.80,41.41,76.32,45.40,
5/2,58.07,61.44,50.20,53.87,54.41,44.54,41.25,59.39,46.86,62.99,58.71,56.22,52.17,57.60,51.78,70.32,63.27,67.90,56.34,50.80,52.21,47.38,45.10,54.80,46.98,49.77,48.83,64.92,69.34,47.11,57.18,54.41,52.81,41.83,76.30,44.85,
6/2,60.17,63.66,51.04,52.68,54.18,46.21,41.52,58.58,46.27,61.40,58.53,55.07,53.01,56.39,52.89,69.20,62.61,72.42,57.05,50.30,51.79,46.51,46.22,55.07,48.64,48.88,49.01,63.72,66.88,47.11,62.05,54.34,51.89,42.02,76.35,46.37,
7/2,61.75,63.61,50.48,51.45,53.66,46.25,41.14,56.99,45.42,59.66,60.52,54.28,52.16,58.22,53.70,66.74,61.20,72.78,56.24,49.95,50.85,45.71,46.70,54.95,48.66,48.26,51.57,63.78,64.69,47.32,63.14,54.35,50.85,41.57,76.36,47.83,21.67
8/2,60.41,62.21,52.11,50.31,52.67,45.46,41.06,56.30,44.65,60.77,64.42,53.92,51.23,60.92,53.20,64.70,60.95,72.41,57.04,51.64,50.01,44.87,46.25,55.22,48.81,47.49,53.68,63.69,64.23,49.63,61.81,54.98,49.75,41.18,76.32,47.15,
9/2,59.94,61.15,56.24,49.98,51.66,44.66,41.05,57.08,44.01,63.14,66.06,54.15,50.45,60.38,53.56,64.20,61.50,70.40,58.10,54.96,49.27,44.08,45.52,56.17,49.05,47.20,53.54,62.19,64.33,53.07,60.88,55.23,49.03,40.67,76.13,46.31,
10/2,59.26,60.76,57.47,49.71,50.90,44.08,41.76,56.95,43.38,62.47,64.82,55.20,49.46,58.55,56.33,64.99,61.39,68.55,57.49,55.87,48.34,43.34,44.67,56.43,48.91,47.21,53.89,60.75,64.04,55.15,61.27,55.00,49.60,40.31,76.59,46.01,
11/2,59.83,59.90,56.01,48.76,50.08,43.55,44.11,55.41,42.68,60.50,63.36,55.78,50.81,56.85,60.35,68.04,61.31,67.61,57.85,54.82,47.38,44.59,44.83,55.91,48.09,48.29,54.65,60.89,63.92,55.12,61.83,56.05,50.04,40.43,77.10,49.43,
12/2,60.66,58.87,55.41,48.25,49.26,43.05,45.22,54.01,42.01,58.63,61.88,55.36,54.09,55.81,62.13,72.11,60.60,66.32,57.52,53.49,46.79,47.50,46.21,57.15,49.05,49.26,54.42,61.90,62.87,54.95,61.56,56.69,49.32,42.39,77.05,52.35,
13/2,61.72,60.86,56.03,48.54,48.83,42.64,44.43,52.69,41.53,56.97,60.30,55.32,57.50,57.24,62.13,72.27,58.80,66.01,55.97,52.27,46.28,49.85,46.88,58.66,50.06,48.89,53.46,62.83,61.11,55.11,60.18,56.26,48.97,45.26,77.19,51.86,
14/2,61.94,63.57,59.52,48.81,50.58,43.00,43.70,51.41,42.50,55.57,58.53,57.20,59.48,58.26,63.01,70.44,57.11,65.71,54.45,53.55,46.13,51.05,46.57,57.97,49.25,48.56,53.70,63.40,59.30,54.92,58.64,55.57,48.99,48.21,77.15,51.13,30.94
15/2,60.33,65.13,62.77,49.14,52.43,43.17,43.12,50.26,44.04,54.52,56.97,58.29,59.48,57.10,62.76,68.83,56.52,67.28,53.07,54.72,50.20,51.50,46.25,56.77,49.12,49.73,53.82,63.33,58.20,55.44,57.91,54.54,50.54,49.63,76.67,53.07,
16/2,58.98,66.60,62.07,50.31,52.25,42.61,42.87,49.29,44.73,53.47,55.84,56.91,61.80,55.98,61.16,68.17,56.11,71.98,52.23,53.52,53.22,52.53,46.63,57.51,49.87,50.48,52.53,64.10,59.47,55.25,58.67,53.19,53.21,48.77,76.09,56.68,
17/2,57.60,66.40,60.74,51.72,51.58,42.42,46.13,48.42,45.80,52.29,55.05,55.35,64.66,54.68,59.71,70.74,54.82,72.59,51.96,52.63,51.90,53.47,46.86,58.56,51.39,49.44,51.27,66.08,60.45,54.12,60.76,51.93,54.58,47.69,75.56,58.44,
18/2,56.30,64.90,63.68,51.88,50.81,42.30,49.99,47.59,47.16,51.73,54.14,54.50,64.94,53.29,59.56,73.16,53.43,72.33,51.80,51.79,50.64,54.14,46.52,57.76,51.82,48.73,50.11,66.65,59.76,53.25,63.22,51.38,54.58,46.72,75.08,59.18,
19/2,55.35,63.33,67.82,51.73,50.16,42.54,50.73,47.49,47.48,51.14,54.75,54.37,64.30,52.11,59.28,73.53,52.51,72.30,52.04,51.34,49.80,54.12,46.60,56.28,50.65,48.06,49.01,65.65,58.89,52.41,63.49,52.31,54.21,46.84,74.65,58.48,
20/2,55.68,62.30,68.77,54.68,49.28,42.87,54.44,47.67,46.81,50.04,55.23,53.82,66.41,51.33,57.77,72.94,51.88,71.60,54.74,50.77,49.10,53.51,49.70,56.29,49.72,47.28,48.44,64.16,57.90,52.48,61.67,53.13,54.58,46.92,74.19,57.20,
21/2,55.80,61.46,68.15,57.15,48.53,42.57,56.94,47.33,46.17,48.97,53.98,52.89,68.37,50.47,56.33,72.33,51.07,69.21,58.98,49.61,48.45,53.79,54.36,56.79,49.00,46.51,47.96,62.19,57.53,52.48,60.99,53.89,54.73,46.10,73.74,56.18,25.61
22/2,55.06,60.23,66.71,57.04,48.35,42.10,57.46,46.91,45.64,48.89,53.45,51.89,68.99,49.36,55.27,70.43,50.18,67.04,64.44,48.57,48.18,53.92,55.64,55.81,48.28,45.78,47.83,60.37,57.30,51.68,60.65,54.86,57.77,45.52,73.36,55.20,
23/2,54.11,59.15,65.20,56.41,48.35,41.59,58.29,46.28,45.01,51.07,53.00,50.95,72.41,48.31,55.04,68.68,49.68,64.98,67.17,47.65,48.18,53.63,54.79,54.41,47.39,45.67,47.74,58.75,58.86,51.04,59.39,55.40,61.33,45.15,73.06,54.61,
24/2,53.75,60.52,63.53,55.09,47.83,41.01,57.16,45.48,44.59,54.60,52.42,50.19,73.19,47.38,54.58,70.37,49.26,63.09,65.76,47.09,48.32,54.15,54.07,53.08,46.44,47.14,47.04,57.49,60.09,51.79,59.17,56.20,61.45,45.53,72.65,54.08,
25/2,54.41,61.82,61.73,53.62,48.70,40.50,56.23,45.01,44.63,55.94,53.12,49.30,73.26,46.95,56.16,72.35,48.94,61.30,66.28,46.91,47.91,55.27,53.10,52.28,45.54,47.86,47.07,56.78,60.73,52.39,60.22,56.00,60.77,46.34,71.61,54.49,
26/2,54.26,61.81,60.22,52.25,49.59,40.11,55.23,44.75,44.47,54.86,53.28,48.39,72.82,46.60,57.59,72.03,49.08,59.58,67.29,46.42,48.23,57.13,53.15,51.80,44.96,47.08,46.92,55.81,61.70,52.04,61.04,58.10,62.03,47.02,71.00,54.44,
27/2,53.23,61.88,60.31,51.03,49.43,40.21,54.47,44.58,43.94,53.42,52.08,47.91,72.30,46.03,56.24,71.22,48.86,60.91,66.32,46.64,48.50,58.11,54.24,51.13,44.39,47.16,46.01,54.35,63.86,51.78,60.32,61.89,65.02,47.42,71.07,53.68,
28/2,54.17,63.83,61.49,50.75,51.36,40.21,54.40,44.56,43.39,52.14,50.86,47.56,71.45,45.46,55.29,71.72,50.63,62.97,67.59,46.88,47.51,57.22,54.91,50.36,43.61,47.34,45.37,55.96,69.09,51.19,59.22,62.16,65.48,48.35,69.77,53.28,27.82
29/2,54.17,66.77,61.68,50.83,51.36,39.81,53.87,44.21,43.39,51.00,49.71,47.26,71.45,45.20,54.94,72.39,50.63,64.94,68.36,46.07,47.51,55.95,54.86,49.81,43.61,47.86,45.27,58.21,69.09,50.52,58.41,61.14,65.48,49.37,67.65,52.43,
1/3,56.08,68.39,64.49,50.26,51.36,39.93,53.11,43.54,43.39,50.23,48.64,47.07,71.45,45.09,60.24,71.35,50.63,66.35,67.50,45.38,47.51,54.97,55.78,49.32,43.61,48.08,44.95,58.06,69.09,50.47,57.01,60.12,65.48,49.06,71.96,51.57,
2/3,56.06,69.19,66.96,50.89,52.82,40.22,52.51,43.36,42.90,49.52,47.75,46.70,70.86,45.59,64.13,69.88,53.51,64.90,68.42,45.13,49.69,53.94,57.60,49.35,42.87,47.19,44.93,58.86,72.43,50.34,55.44,59.20,64.25,48.17,76.95,50.62,
3/3,55.42,70.16,66.14,52.65,51.98,40.80,52.16,43.35,42.42,49.03,47.03,46.75,69.27,46.26,61.88,69.12,53.50,62.89,70.90,44.87,51.61,52.73,59.03,51.42,42.82,46.23,47.39,58.89,72.48,50.41,56.24,58.30,62.97,48.34,76.81,50.84,
4/3,54.65,69.65,65.05,53.16,50.82,41.49,51.85,45.68,41.96,48.62,46.21,46.91,67.26,46.01,59.85,69.04,52.10,60.93,71.40,44.51,51.09,51.96,59.23,52.93,44.60,45.32,49.50,57.32,72.28,50.37,58.88,56.88,61.11,49.25,75.10,51.88,
5/3,53.82,67.26,64.19,52.98,49.73,41.35,51.11,47.66,41.50,48.28,45.58,46.40,66.03,45.60,58.01,68.83,51.20,59.10,69.37,44.35,52.89,52.11,58.34,52.74,45.62,44.47,49.53,55.87,72.26,49.36,59.09,55.58,59.81,49.35,74.43,52.34,
6/3,53.24,65.17,63.04,52.56,48.66,40.80,50.18,46.84,40.92,51.97,45.00,45.71,65.67,45.60,56.34,67.89,50.41,57.42,69.92,44.00,56.38,52.92,58.07,54.44,44.75,43.69,48.95,54.62,72.33,48.32,57.46,54.34,58.66,49.56,73.79,52.00,16.54
7/3,53.64,69.89,63.30,52.19,47.65,40.48,49.48,46.27,40.53,55.14,44.28,45.18,64.65,45.34,55.15,66.78,49.40,55.90,70.25,43.91,61.23,57.34,57.48,55.82,44.09,43.32,47.98,53.41,71.47,47.70,56.47,55.63,57.22,49.97,73.40,51.14,
8/3,54.62,73.40,64.64,51.89,46.74,40.27,49.49,45.67,40.71,54.71,43.60,44.70,63.43,44.97,54.05,65.75,48.43,54.59,68.70,43.84,63.24,61.45,57.06,54.89,43.71,42.96,47.24,52.49,71.45,47.18,56.68,57.00,56.09,50.43,73.02,50.31,
9/3,55.56,73.91,63.98,52.18,45.91,40.07,49.78,45.90,41.43,54.65,42.90,44.20,62.88,44.57,52.69,64.50,47.78,53.36,68.15,44.01,62.14,60.80,56.62,53.86,43.46,42.37,46.50,53.42,71.32,47.07,56.31,56.23,55.80,50.44,72.44,49.41,
10/3,56.77,73.62,63.83,52.86,45.58,39.87,49.55,46.08,41.85,54.86,42.33,43.87,62.30,43.80,51.43,62.52,47.14,52.52,69.89,45.46,62.35,59.02,56.58,52.82,43.09,42.53,45.63,56.76,70.05,47.75,54.79,56.99,55.24,50.07,71.36,48.71,
11/3,57.03,72.94,64.28,52.85,45.52,40.16,51.34,45.25,42.07,54.53,41.79,43.44,61.18,43.06,50.24,61.37,47.34,51.99,70.73,46.16,62.94,57.34,56.45,51.84,42.56,43.69,45.07,58.49,70.07,49.66,53.52,57.25,53.82,50.52,70.64,47.96,
12/3,56.98,72.39,63.10,52.19,45.00,40.44,53.05,44.43,43.06,53.34,41.34,42.76,59.65,42.37,49.15,60.49,49.12,51.31,68.69,45.52,64.34,55.79,55.66,52.38,42.36,44.17,45.17,58.26,72.38,53.07,52.38,55.82,52.55,50.72,69.18,47.56,
13/3,56.54,70.56,61.25,51.62,44.31,40.35,52.20,43.66,43.84,52.01,40.95,42.28,58.42,42.46,48.24,59.13,50.34,50.75,66.67,45.32,67.53,54.55,55.34,52.83,42.21,43.59,45.19,57.44,72.74,54.10,51.23,54.49,51.42,51.49,67.22,47.33,10.17
14/3,56.33,69.62,59.81,51.18,44.18,40.17,51.46,42.96,47.57,50.79,40.42,44.10,57.35,42.72,47.58,58.26,51.91,50.40,65.14,46.69,68.98,53.76,54.53,52.21,42.94,42.94,45.34,57.37,72.83,52.70,50.59,53.23,50.42,52.91,66.49,46.70,
15/3,56.19,69.04,58.84,50.21,44.14,39.69,50.82,42.32,52.99,49.69,39.89,46.44,56.10,43.24,48.35,57.33,53.08,49.70,63.73,48.25,68.11,53.55,54.41,51.47,44.01,42.26,46.31,57.99,72.85,51.39,50.09,52.00,50.32,52.83,66.09,47.51,
16/3,55.17,67.79,57.75,49.45,43.80,39.81,50.47,41.73,56.95,48.69,39.49,46.68,55.14,43.84,50.47,56.30,52.23,48.70,62.41,48.05,66.68,53.42,54.59,52.48,43.84,41.71,46.46,59.53,72.39,50.48,49.23,51.08,50.27,51.80,66.52,48.26,
17/3,54.80,66.19,57.89,54.18,43.82,40.72,50.61,41.15,59.45,47.71,39.53,46.92,55.21,43.44,51.62,58.51,51.10,48.90,61.45,48.08,65.05,53.44,54.16,53.41,43.19,41.18,47.38,60.25,70.07,50.10,48.39,51.87,49.35,50.71,66.44,47.44,
18/3,55.85,64.11,58.26,60.27,44.50,41.09,50.98,40.58,59.30,46.87,39.88,46.89,54.84,43.58,51.08,60.04,50.04,49.20,60.88,48.50,63.70,54.12,54.97,52.64,42.87,40.83,49.42,58.55,67.60,49.63,47.53,53.53,48.34,49.75,65.62,47.32,
19/3,57.51,65.02,57.41,60.38,45.84,40.65,51.02,40.14,57.87,46.08,39.76,46.25,53.52,44.32,50.00,58.47,49.05,48.45,59.85,48.68,65.20,55.29,57.00,51.92,43.51,40.73,49.48,57.09,65.29,49.08,46.85,54.53,47.38,49.07,68.29,47.54,
20/3,57.55,66.25,56.34,58.48,46.79,40.15,50.24,39.80,56.21,45.24,39.39,45.79,52.28,44.46,49.26,57.26,48.17,47.57,58.36,48.60,66.70,56.14,57.86,52.70,43.77,40.93,48.42,55.92,63.16,50.31,46.44,54.28,46.58,48.34,72.75,47.52,7.81
21/3,56.65,64.54,55.04,56.73,47.84,39.83,49.42,39.38,54.64,44.48,39.13,46.91,51.09,44.10,48.79,55.96,47.46,47.26,57.30,49.27,65.15,55.90,56.78,53.75,43.12,42.36,47.59,54.61,61.27,51.30,45.82,53.10,47.66,47.47,73.19,47.25,
22/3,55.78,62.49,53.97,55.15,49.18,39.53,48.64,38.97,53.30,43.81,38.74,49.30,50.12,44.13,48.32,54.72,46.70,47.59,56.64,49.74,63.08,56.19,55.20,52.92,42.49,43.40,47.04,53.25,59.72,52.17,45.38,51.95,48.60,46.69,72.82,46.50,
23/3,54.44,61.18,53.82,53.70,49.25,39.08,47.72,38.64,52.83,43.39,38.31,50.72,51.56,44.12,47.76,53.85,45.90,50.20,56.45,49.77,61.54,60.02,53.78,51.61,41.88,42.89,46.61,52.07,58.37,53.32,45.54,50.71,48.31,46.64,72.35,45.63,
24/3,53.18,60.26,53.95,52.36,48.44,38.75,47.48,38.39,52.48,43.12,37.91,51.32,54.28,43.56,47.71,53.96,45.24,52.33,56.01,51.09,60.68,66.01,53.02,50.41,41.27,42.23,46.21,50.98,56.92,53.32,45.54,49.56,52.08,46.93,70.04,44.79,
25/3,52.10,58.87,53.64,51.79,47.62,38.41,47.27,38.44,52.96,42.68,37.50,51.46,54.41,43.06,47.88,54.24,44.62,52.02,54.88,52.02,59.44,68.13,53.36,49.28,40.75,41.60,46.42,49.89,57.03,53.46,44.96,48.58,54.80,46.79,67.83,44.14,
26/3,51.12,57.26,55.08,51.75,46.83,37.97,46.41,38.53,53.31,42.88,38.21,50.72,53.06,42.80,47.33,54.31,43.97,51.94,53.60,51.55,57.77,68.44,53.72,48.38,40.29,40.98,46.88,49.01,57.06,55.58,44.17,52.13,53.41,46.26,67.16,45.89,
27/3,51.65,55.77,56.58,51.36,46.13,37.63,45.67,38.27,52.54,43.14,39.05,49.52,51.81,42.42,46.42,54.50,43.40,51.81,52.33,50.41,56.24,67.82,53.43,48.48,39.90,40.44,46.87,48.58,55.53,57.46,43.44,57.88,52.95,45.48,67.79,47.51,10.57
28/3,52.06,54.36,55.67,51.11,46.45,37.31,44.95,38.20,52.05,43.09,38.77,48.42,51.76,41.93,45.59,53.94,43.14,51.24,51.55,49.41,55.33,65.40,52.67,48.42,39.75,39.95,50.34,48.06,54.39,56.77,42.83,61.63,55.92,44.69,67.94,46.66,
29/3,50.93,53.38,54.23,50.68,46.81,37.15,44.21,38.60,51.90,43.91,38.62,47.40,53.37,41.79,45.11,54.41,42.99,50.40,52.77,48.84,55.27,63.19,51.90,49.37,41.11,39.83,53.55,47.17,53.32,55.86,42.27,62.88,59.69,43.93,68.21,45.79,
30/3,50.06,52.47,52.91,49.82,46.33,37.10,43.60,39.33,51.54,44.18,38.51,46.52,54.73,41.58,45.07,55.29,42.57,49.66,53.54,48.45,54.69,61.18,53.83,50.50,42.35,39.95,52.67,46.60,52.72,55.71,41.84,61.24,59.75,43.21,67.70,45.04,
31/3,49.39,51.37,51.66,49.08,48.74,36.84,43.03,40.97,50.76,44.06,38.55,46.26,54.31,41.02,44.74,56.99,42.34,48.77,52.35,47.74,53.46,60.34,55.64,52.02,42.22,39.69,53.09,46.06,52.56,55.18,41.42,59.31,57.94,42.53,66.87,47.48,
1/4,48.68,50.34,50.48,48.58,51.44,36.50,42.42,42.34,49.96,44.92,38.50,46.05,52.99,40.61,44.14,57.82,42.75,47.75,52.05,46.80,52.28,59.75,54.59,53.56,42.86,39.39,54.11,45.25,51.78,53.89,40.85,58.86,56.41,41.92,65.77,49.66,
2/4,48.77,49.37,49.41,48.37,53.55,36.29,41.87,42.16,49.59,45.11,38.04,45.41,51.73,40.64,43.55,56.20,42.72,46.79,52.04,45.93,51.17,58.25,53.17,52.65,43.17,42.19,53.40,44.52,51.10,52.66,40.36,59.95,55.00,41.56,63.67,48.70,
3/4,51.23,49.00,48.58,48.08,55.18,38.98,41.45,41.47,49.43,44.41,37.66,44.80,50.57,40.55,42.87,54.68,42.19,46.28,51.17,45.12,50.10,58.03,51.94,52.70,42.57,44.60,52.08,44.37,51.20,51.46,39.96,60.30,54.98,41.44,61.69,47.91,7.93
4/4,55.35,48.54,49.11,48.25,54.26,43.14,41.02,40.84,48.71,43.74,37.33,44.43,49.62,40.22,42.27,53.29,41.71,45.95,50.03,44.33,49.03,61.76,51.03,54.03,42.35,43.81,52.88,44.94,51.16,50.27,39.51,59.16,55.69,41.88,60.29,47.38,
5/4,58.04,47.56,50.38,48.28,53.07,43.98,40.78,40.27,48.61,43.13,37.05,43.97,48.98,39.93,41.96,52.34,41.51,45.27,49.35,43.73,48.03,64.05,50.68,54.02,42.76,43.04,54.35,44.95,50.96,49.82,39.15,57.55,54.96,42.21,58.98,47.19,
6/4,61.23,47.28,50.57,47.40,51.91,43.26,40.62,39.73,48.48,42.56,36.86,43.27,48.55,39.52,42.37,52.78,41.46,44.48,49.16,43.22,47.13,62.50,50.51,52.84,43.24,42.32,53.79,44.28,50.59,49.40,38.81,56.06,53.73,42.22,57.32,46.67,
7/4,62.48,47.10,50.91,46.48,50.75,42.64,40.32,39.23,47.49,41.91,36.62,42.68,47.98,39.10,42.51,53.73,41.70,43.74,49.58,42.71,46.28,60.67,51.10,51.62,43.10,41.99,52.54,43.79,49.64,49.93,38.36,54.63,52.92,42.58,55.83,45.76,
8/4,60.46,46.32,51.44,45.61,49.67,42.05,39.92,38.95,46.55,41.28,36.33,42.26,51.55,38.86,41.91,54.57,42.16,43.05,49.51,42.50,45.46,59.99,51.37,51.38,43.75,41.70,51.61,43.31,48.91,50.96,37.94,53.31,51.96,42.65,54.72,45.04,
9/4,58.58,46.06,50.83,44.81,48.59,41.44,39.51,38.88,46.65,41.60,36.07,41.92,55.06,38.65,41.45,56.80,42.86,42.58,48.48,42.17,44.68,60.19,51.35,52.26,45.01,41.17,50.76,42.66,48.48,50.95,37.54,52.08,53.04,42.54,53.70,44.50,
10/4,56.89,46.76,49.80,44.07,47.58,41.16,39.13,38.76,46.84,43.06,35.78,42.14,54.00,38.28,41.15,58.64,43.80,42.36,47.56,41.54,44.85,59.43,51.66,52.17,44.92,40.86,49.64,42.26,48.54,50.38,37.16,50.87,54.49,42.50,52.73,44.00,9.81
11/4,55.70,47.91,50.45,43.84,46.67,40.98,38.72,38.48,46.06,43.51,35.49,42.66,52.60,37.89,40.73,58.02,43.79,42.08,46.69,41.04,45.15,57.99,51.07,50.98,44.64,40.67,48.56,42.60,48.38,49.31,36.80,49.77,54.33,43.19,52.14,43.63,
12/4,54.75,49.97,51.22,43.65,45.83,40.53,38.50,38.13,45.86,42.79,35.20,42.60,51.32,37.65,40.26,56.38,43.62,41.59,45.81,40.97,44.54,56.50,50.23,49.86,44.61,40.65,47.56,43.23,47.45,48.27,36.45,48.74,53.68,43.97,51.45,43.19,
13/4,54.19,51.51,50.35,43.86,45.07,40.05,40.95,38.40,45.68,42.12,34.93,42.39,53.04,37.68,39.88,54.87,43.51,41.11,45.32,40.97,43.80,55.00,49.35,48.82,45.12,40.43,47.67,43.24,46.59,47.54,36.18,48.45,52.52,43.93,50.47,42.57,
14/4,53.70,52.24,49.59,44.41,44.77,39.59,43.42,38.63,46.52,41.59,34.69,42.59,55.64,37.69,39.51,53.50,42.96,40.68,45.06,41.73,43.38,53.60,48.37,47.85,47.16,39.99,48.79,42.76,45.79,46.96,35.92,48.39,51.47,43.45,49.45,41.97,
15/4,52.78,52.18,48.86,44.10,44.45,39.44,43.07,38.29,47.33,41.26,34.46,42.86,55.15,37.87,39.04,52.23,42.66,40.31,45.45,42.78,43.95,52.30,47.45,46.91,49.70,39.59,49.19,42.17,46.71,46.19,35.62,47.67,51.01,42.75,48.46,41.51,
16/4,51.79,51.02,47.92,43.41,43.85,39.26,42.40,38.25,46.47,41.36,34.49,42.83,53.69,37.90,38.60,51.02,42.92,39.92,47.74,43.19,44.34,51.09,46.77,46.03,50.87,39.10,48.83,41.55,47.92,45.36,35.33,47.19,53.79,42.08,47.51,41.35,
17/4,50.71,49.89,47.02,42.71,43.24,39.26,41.75,38.18,45.68,41.63,34.72,42.61,52.34,37.50,38.22,50.84,43.20,39.45,49.03,43.06,46.56,49.98,46.24,45.20,52.15,38.63,48.10,40.97,47.35,44.57,35.05,46.71,55.98,41.46,46.63,41.12,5.42
18/4,49.63,48.81,46.14,42.71,43.36,39.51,41.14,37.82,45.22,41.40,34.79,43.51,51.10,38.19,37.89,51.87,43.05,39.44,48.10,42.39,50.62,48.94,45.79,44.81,52.78,38.19,47.16,40.40,46.57,43.89,34.78,45.97,54.81,40.89,45.91,40.83,
19/4,48.62,47.81,45.32,43.21,44.41,39.28,41.00,37.55,44.77,40.92,34.65,44.56,49.95,39.03,37.70,52.89,42.57,40.32,47.13,41.77,52.34,48.17,45.24,44.49,52.73,37.80,46.28,39.86,45.82,43.40,34.52,45.26,54.05,40.36,45.23,40.56,
20/4,47.66,46.89,44.65,43.27,44.69,38.89,40.88,37.57,44.15,40.43,34.41,44.19,49.96,38.91,37.51,53.12,41.93,41.06,46.24,41.18,52.35,48.48,44.77,43.85,52.89,38.06,45.44,40.16,45.03,43.09,34.27,44.54,53.32,39.85,44.86,40.27,
21/4,46.77,46.05,44.04,43.04,44.10,38.74,40.37,37.85,44.05,39.92,34.23,43.44,50.13,38.85,37.22,52.31,41.38,40.85,45.47,40.62,51.58,48.87,44.32,43.20,52.31,38.26,44.72,40.44,44.27,43.31,34.02,43.86,52.44,39.36,45.62,40.15,
22/4,45.94,45.26,43.38,42.62,43.49,38.50,39.85,37.84,44.47,39.44,34.09,42.76,49.84,38.64,37.04,51.12,40.87,40.57,44.94,40.09,50.37,50.40,43.73,42.62,51.77,37.96,44.30,40.07,43.55,43.81,33.79,43.16,52.10,38.90,46.70,39.86,
23/4,45.18,45.37,42.75,42.02,42.85,38.95,39.35,37.47,44.67,39.01,33.88,42.11,49.51,38.21,36.86,50.01,40.33,40.58,44.44,39.57,49.26,53.49,43.85,42.07,50.96,39.53,43.82,40.04,42.91,44.22,33.65,42.61,51.98,38.46,46.64,39.37,
24/4,44.48,45.97,42.16,41.56,42.29,39.65,38.87,37.11,44.85,39.01,33.66,41.49,48.67,37.80,36.57,48.96,39.81,40.55,44.07,39.09,48.23,54.79,45.56,41.82,52.21,41.94,43.10,39.97,42.31,44.51,33.55,42.09,51.36,38.04,45.86,39.34,3.88
25/4,43.77,46.45,41.64,42.10,42.50,39.68,39.26,36.95,44.93,39.52,33.78,40.91,49.34,37.43,36.26,47.98,39.32,40.29,46.20,38.63,47.26,54.11,49.59,41.57,54.59,42.30,43.35,40.14,41.73,44.16,33.38,41.67,50.23,37.68,45.08,39.31,
26/4,43.08,46.66,41.13,42.52,42.66,39.45,39.78,37.75,44.48,39.91,34.52,40.36,51.65,37.12,35.93,47.05,39.34,39.82,47.85,38.82,46.37,52.80,52.00,40.99,54.69,41.68,43.56,40.41,41.71,43.43,33.30,41.26,49.45,37.46,44.35,39.16,
27/4,42.42,46.14,40.60,41.98,42.08,39.08,39.47,38.37,44.20,39.77,34.93,39.83,52.76,36.81,36.23,46.17,39.73,39.34,47.80,39.48,46.26,51.55,51.28,40.44,53.53,41.10,42.85,40.14,41.75,42.75,33.21,40.71,49.00,37.26,43.73,39.80,
28/4,41.93,45.47,40.11,41.54,41.55,39.62,39.01,38.02,44.05,39.70,34.99,39.68,52.25,36.49,36.53,45.35,39.64,38.91,48.12,39.73,46.14,51.46,50.13,40.44,52.20,40.68,42.20,39.67,41.26,42.11,33.05,40.37,49.34,36.95,43.42,40.15,
29/4,42.24,44.80,39.63,42.55,41.03,40.17,38.61,37.63,43.59,40.21,35.39,39.66,51.24,36.17,36.21,45.10,39.22,38.50,47.64,39.48,45.97,53.06,49.23,40.42,51.00,40.28,41.59,39.21,40.83,41.50,32.91,40.70,49.92,36.60,43.02,39.68,
30/4,43.14,44.05,39.17,43.83,40.49,39.85,38.22,37.29,43.00,40.61,35.65,39.39,50.32,35.86,36.07,44.90,38.78,38.08,46.84,39.33,47.35,53.49,48.70,39.94,49.88,39.77,41.01,38.78,41.11,40.93,32.75,41.33,49.72,36.28,42.82,39.66,
1/5,45.31,43.34,38.72,44.07,39.98,39.40,37.80,37.93,42.38,40.57,35.57,39.04,50.43,35.59,36.14,44.25,38.34,37.77,46.03,39.19,48.06,52.22,48.04,40.18,49.27,39.27,40.46,38.37,43.28,40.38,32.60,41.57,49.41,35.97,42.77,40.38,3.08
2/5,46.59,42.67,38.29,43.99,39.49,39.00,37.40,38.55,41.77,40.42,35.33,39.76,52.90,35.35,36.04,43.94,37.91,37.49,45.43,38.83,47.15,51.03,47.19,40.35,48.68,38.80,39.96,37.99,44.82,39.85,32.47,41.29,48.84,35.81,42.62,43.96,
3/5,45.80,42.06,37.88,43.57,39.03,38.68,37.02,38.25,41.19,40.19,35.40,40.77,54.88,35.11,35.76,43.59,37.51,37.19,44.81,38.77,46.24,50.05,47.34,39.85,47.70,38.36,39.48,37.62,44.25,39.36,32.42,40.73,47.88,35.78,42.33,52.96,
4/5,45.05,41.51,37.50,43.08,38.59,38.30,36.67,38.49,40.63,39.81,35.52,42.06,54.53,34.94,35.47,43.11,37.13,36.89,44.09,38.79,45.88,49.13,48.68,39.47,48.21,37.93,39.03,37.33,43.55,39.09,32.35,40.21,46.96,35.92,42.38,58.12,
5/5,44.30,40.97,37.13,42.91,38.18,37.99,36.37,39.11,40.14,39.36,35.93,44.72,53.50,34.83,35.17,42.67,36.77,36.54,43.40,38.52,45.86,48.18,49.62,39.11,48.96,38.06,38.60,37.21,42.87,38.94,32.18,39.71,46.10,36.05,42.85,56.71,
6/5,43.59,40.43,36.78,42.68,38.03,37.71,36.20,39.64,39.68,38.93,36.69,45.71,52.25,34.64,34.88,42.73,36.44,36.20,42.73,38.81,45.54,47.27,49.19,38.66,48.57,39.02,38.18,37.80,42.22,38.90,32.88,39.23,45.29,35.87,42.63,55.75,
7/5,42.91,40.00,36.44,42.14,37.87,37.34,36.07,40.15,39.21,38.53,36.98,44.95,51.10,34.39,34.62,42.75,36.11,35.89,42.11,39.12,44.96,46.54,48.29,38.23,48.04,39.55,37.77,38.96,41.62,38.73,33.95,38.78,44.52,35.55,41.98,55.23,
8/5,42.31,39.81,36.11,41.70,37.54,37.68,35.83,40.26,38.77,38.14,36.97,44.18,50.34,34.16,34.49,42.14,35.79,35.59,41.51,38.70,44.30,45.87,47.44,37.83,47.24,39.20,37.39,39.42,41.04,39.23,34.10,38.34,43.80,35.26,41.38,54.17,3.19
9/5,41.74,40.04,35.89,41.30,37.26,38.18,35.55,39.88,38.37,37.74,37.06,43.44,49.72,33.93,35.44,41.55,35.49,35.30,40.94,38.35,43.60,45.44,46.53,37.44,46.38,38.74,37.04,39.09,40.50,39.70,34.08,38.16,43.12,34.99,41.16,53.00,
10/5,41.17,40.03,35.79,42.98,37.01,37.98,35.28,39.44,37.98,37.36,40.30,42.74,49.00,33.75,36.33,41.00,35.48,35.01,40.40,38.03,42.94,45.41,45.68,37.08,45.58,38.30,36.70,38.86,40.24,39.68,34.01,38.00,42.48,34.72,40.94,51.99,
11/5,40.64,39.87,35.66,47.58,36.72,37.69,35.00,39.03,37.61,37.00,43.16,42.09,48.21,33.67,36.14,40.47,35.97,34.75,39.89,37.74,42.36,45.45,44.87,36.73,44.92,37.87,36.38,38.66,40.04,39.67,33.78,37.67,41.88,34.54,40.44,50.87,
12/5,40.21,39.94,35.67,52.03,36.67,37.40,34.80,38.58,37.25,36.66,42.66,41.63,47.44,33.58,35.89,39.96,36.15,34.54,39.59,37.46,41.82,45.17,44.55,36.42,44.41,37.91,36.07,38.29,39.64,39.50,33.56,37.95,41.31,34.37,40.68,49.78,
13/5,40.44,41.10,35.85,53.81,36.97,37.02,34.61,38.24,36.90,36.32,41.99,41.43,46.73,34.04,35.59,39.51,35.83,34.80,39.80,37.09,41.25,44.59,44.28,36.14,45.77,39.51,35.78,37.93,39.27,39.43,33.36,38.17,40.89,34.13,40.90,49.43,
14/5,40.55,44.15,36.19,53.21,37.44,36.68,34.68,38.07,36.57,36.05,41.75,41.38,46.30,35.14,35.30,39.22,35.53,35.05,40.89,36.74,40.71,43.96,43.63,36.03,47.22,41.23,35.51,37.57,38.90,39.10,33.17,37.75,41.98,33.95,40.49,50.89,
15/5,40.04,45.63,36.30,52.03,37.60,36.35,34.74,38.25,36.26,35.96,43.64,41.09,46.05,35.52,35.06,38.92,35.24,34.83,41.54,36.49,40.19,43.36,43.00,35.97,46.99,41.23,35.24,37.50,38.49,38.65,32.99,37.36,43.48,34.48,41.62,52.22,2.04
16/5,40.28,45.00,36.00,51.33,37.28,36.03,34.55,38.27,35.99,35.84,45.54,40.54,45.48,35.22,34.82,38.49,35.20,34.59,41.09,37.11,39.71,42.79,42.98,35.72,46.49,40.64,34.98,38.10,38.09,38.23,33.22,37.00,43.52,35.97,43.28,51.67,
17/5,43.25,44.32,37.23,51.76,36.92,35.73,34.40,37.91,35.80,35.57,45.28,40.01,44.73,34.94,34.56,38.08,35.84,34.37,40.56,38.15,39.24,42.20,42.94,35.78,45.68,40.24,34.72,38.59,37.71,37.84,33.46,36.65,43.00,36.66,43.54,50.66,
18/5,45.48,43.72,39.25,51.86,36.58,35.43,34.18,37.69,35.64,35.30,44.54,39.54,43.99,34.67,34.31,37.70,36.88,34.49,40.06,38.26,38.84,41.64,42.48,35.82,44.92,40.56,34.48,38.41,37.33,37.46,33.30,36.32,42.35,36.30,43.08,49.69,
19/5,44.87,46.49,39.58,52.05,36.25,35.32,34.79,37.89,35.45,35.03,43.81,39.10,44.34,34.42,34.07,37.33,37.32,34.65,39.59,37.84,38.46,41.09,42.12,35.63,44.20,40.85,34.25,38.04,36.97,37.09,33.13,36.01,42.04,36.06,42.45,48.86,
20/5,44.67,49.58,39.07,52.39,36.04,35.30,35.45,38.84,35.20,34.77,43.09,38.94,45.24,34.24,33.86,36.99,37.64,34.62,39.15,37.44,38.06,40.57,42.05,35.50,43.51,40.82,34.24,37.69,36.62,36.75,32.95,35.70,42.26,35.83,41.90,49.33,
21/5,45.19,49.13,38.74,52.09,35.84,35.23,35.24,39.33,35.06,34.52,42.43,38.78,45.07,34.07,33.65,36.65,38.22,35.11,38.72,37.07,37.69,40.06,42.25,35.35,42.87,40.75,34.25,37.98,36.29,36.41,32.77,35.40,42.24,35.53,42.39,49.58,
22/5,45.52,48.06,39.01,52.07,35.54,35.10,34.97,38.91,35.05,34.29,41.81,38.58,44.44,33.91,33.46,36.34,38.31,35.86,38.31,36.73,37.33,39.80,42.03,35.18,42.25,40.41,34.07,39.32,36.05,36.09,32.59,35.12,41.90,35.25,45.68,50.31,2.30
23/5,45.17,47.08,40.57,51.56,35.25,34.88,35.02,38.49,34.90,34.08,41.23,38.37,43.80,33.84,33.27,36.03,37.98,35.99,37.92,36.46,36.99,39.85,41.44,35.18,42.41,40.07,33.86,39.91,35.99,36.27,32.76,35.54,42.65,35.03,49.92,51.95,
24/5,44.41,46.78,41.54,50.49,34.99,34.63,37.25,38.11,34.80,33.89,40.68,37.95,43.63,33.74,33.11,35.74,37.64,35.69,37.54,36.29,36.65,40.61,40.89,35.14,43.23,39.71,33.66,39.42,35.86,36.60,33.17,36.45,43.63,34.84,51.35,53.45,
25/5,43.67,53.88,41.03,49.43,34.73,34.40,39.12,37.73,35.13,33.68,40.16,37.56,43.61,33.65,32.95,35.46,37.33,35.40,37.18,36.11,36.33,41.23,40.36,34.89,43.55,39.37,33.46,38.95,35.56,36.55,33.22,36.64,45.36,34.60,50.51,54.14,
26/5,42.99,61.15,40.47,48.43,34.48,34.16,38.71,37.37,35.29,33.48,39.66,37.21,43.11,33.57,32.87,35.19,36.98,35.13,36.92,35.84,36.02,40.94,40.00,34.64,43.41,39.01,33.27,38.51,35.56,36.96,33.03,36.33,46.52,34.41,49.86,60.42,
27/5,42.35,60.66,39.95,47.50,34.24,33.93,38.24,37.03,35.03,33.29,39.39,36.91,42.50,33.42,33.39,34.94,36.70,34.87,36.69,35.56,35.72,40.78,39.90,34.40,43.01,38.59,33.09,38.14,35.56,38.27,32.84,36.01,45.68,34.22,49.25,67.53,
28/5,41.75,58.90,39.47,46.67,34.02,33.75,38.13,36.70,34.78,33.10,39.23,36.63,42.03,33.25,34.37,34.69,36.41,34.62,36.46,35.77,35.49,40.65,40.01,34.16,42.42,38.22,32.91,37.80,35.29,39.66,32.66,35.71,44.86,34.01,48.23,67.12,
29/5,41.18,57.16,39.02,46.95,33.88,33.59,39.67,36.37,34.54,32.95,39.17,36.36,43.00,33.07,34.73,34.46,36.09,34.38,36.30,36.29,35.63,40.49,40.41,33.94,41.85,37.95,32.73,37.45,35.03,40.51,33.00,35.42,44.12,33.94,47.30,65.19,1.30
30/5,40.95,55.59,38.59,47.36,34.08,33.53,40.92,36.06,34.40,33.49,41.79,36.09,45.98,32.90,34.51,34.23,35.96,34.15,36.09,36.32,35.72,40.24,40.84,33.73,41.29,37.65,32.57,37.12,34.78,40.55,33.48,35.15,43.43,34.04,46.49,63.64,
31/5,41.14,54.16,38.28,46.75,34.30,33.44,40.46,35.76,34.49,34.01,46.53,35.80,48.65,32.81,34.25,34.01,36.38,34.03,35.80,36.00,35.47,39.85,40.78,33.52,40.77,37.51,32.45,36.79,34.78,40.03,33.42,34.89,42.76,34.01,47.67,62.76,
1/6,41.13,53.03,37.97,46.03,34.21,33.24,39.92,35.48,34.52,33.81,50.63,35.52,49.64,32.73,34.01,33.79,36.71,34.03,35.52,35.70,35.39,39.47,40.50,33.41,40.26,37.39,32.35,36.47,34.77,39.54,33.22,34.63,42.63,34.08,48.69,62.30,
2/6,40.94,53.25,37.59,45.30,34.02,33.05,39.42,35.23,34.33,33.59,52.95,35.26,49.58,32.57,33.78,33.59,36.56,33.98,35.25,35.42,35.40,39.00,40.14,33.94,39.80,37.06,32.22,36.18,34.55,39.07,33.03,34.46,43.93,34.20,47.75,61.12,
3/6,40.73,53.50,37.42,44.62,33.81,32.90,38.95,35.17,34.11,33.39,53.53,35.19,48.91,32.41,33.56,33.41,36.32,33.82,35.05,35.16,35.27,38.62,39.71,34.55,39.36,36.73,32.14,35.90,34.33,38.63,32.84,34.29,45.07,34.08,46.94,59.56,
4/6,40.32,52.64,37.29,44.07,33.60,32.76,38.61,36.31,33.91,33.35,53.72,35.17,47.98,32.25,33.36,33.24,36.05,33.62,34.85,34.90,35.04,38.34,39.32,34.51,38.94,36.45,32.23,35.62,34.11,38.22,32.66,34.06,44.73,33.91,47.41,58.09,
5/6,39.84,51.88,38.47,43.61,33.47,32.60,38.30,39.99,33.71,33.32,55.04,35.31,47.05,32.13,33.16,33.05,35.78,33.55,34.60,34.67,34.79,38.19,38.98,34.29,38.53,37.42,32.28,35.34,33.90,37.83,32.49,33.84,44.75,33.70,48.05,56.54,3.41
6/6,39.38,51.03,39.60,43.45,33.69,32.44,37.95,42.10,33.51,33.16,55.75,35.58,46.20,32.02,33.17,32.87,35.50,33.72,34.37,34.44,34.60,38.34,38.73,34.06,38.14,38.39,32.30,35.08,33.69,37.46,32.33,33.63,45.20,33.49,47.77,55.12,
7/6,38.93,49.98,39.16,43.23,33.93,32.30,37.59,41.51,33.33,33.07,54.51,35.65,45.57,31.91,33.69,32.83,35.23,33.80,34.14,34.22,34.54,38.41,38.44,33.84,37.83,38.48,32.37,34.82,33.49,37.11,32.17,33.43,45.23,33.31,47.65,55.77,
8/6,38.51,48.99,38.71,42.75,33.82,32.16,37.22,40.90,33.15,33.38,53.11,35.51,45.03,32.02,33.97,32.79,34.97,33.62,33.95,34.00,34.65,39.14,38.97,33.63,37.95,38.45,32.35,34.58,33.30,36.80,32.02,33.24,44.84,33.13,48.41,56.42,
9/6,38.12,48.10,38.34,42.98,33.63,32.03,36.86,40.33,32.97,34.32,51.99,35.25,44.36,32.29,33.74,32.62,34.86,33.42,33.81,34.10,35.03,41.22,40.12,33.43,38.01,38.01,32.51,34.34,33.12,36.52,31.87,33.07,44.15,32.96,48.97,55.25,
10/6,37.76,47.40,39.34,43.51,33.49,31.91,36.61,39.81,32.80,34.80,51.03,34.99,43.90,32.32,33.53,32.51,34.76,33.23,33.67,34.22,35.24,42.28,40.58,33.23,37.65,37.90,32.64,34.11,32.94,36.23,31.73,32.91,43.57,32.90,48.28,54.39,
11/6,37.42,46.80,40.77,43.53,33.35,31.79,37.26,39.34,32.63,34.53,50.02,34.74,43.61,32.18,33.32,32.40,34.53,33.06,33.68,34.03,35.05,41.77,40.47,33.04,37.49,37.79,32.54,33.90,32.94,35.96,31.59,32.74,43.01,32.96,47.70,53.87,
12/6,37.06,46.42,41.64,43.21,33.17,31.67,37.95,38.94,32.47,34.28,49.03,34.50,43.12,32.04,33.13,32.24,34.29,32.92,33.68,33.81,34.79,41.19,40.26,32.97,38.81,37.51,32.60,33.69,32.94,35.70,31.46,32.57,42.38,32.99,50.79,53.56,2.43
13/6,37.09,45.98,42.61,42.69,33.01,31.54,37.81,39.55,32.32,34.04,48.09,34.26,42.50,31.90,32.95,32.12,34.06,32.81,33.49,33.61,34.54,40.67,40.08,33.13,39.86,37.28,32.63,33.49,32.80,35.42,31.34,32.42,41.79,32.96,57.05,53.30,
14/6,37.23,45.28,43.65,42.13,32.86,31.42,37.51,40.75,32.17,33.82,47.20,34.03,41.90,31.76,32.77,32.01,33.83,32.68,33.31,33.41,34.30,40.57,39.81,33.18,39.40,36.98,32.48,33.29,32.69,35.16,31.22,32.27,41.23,33.09,59.09,54.78,
15/6,37.01,44.56,45.32,41.58,32.79,31.33,37.13,40.88,32.03,33.63,46.36,33.82,41.33,31.64,32.62,31.88,33.64,32.55,33.13,33.22,34.14,40.45,39.46,33.12,38.98,37.30,32.31,33.15,32.57,34.91,31.10,32.12,40.70,33.58,57.40,56.35,
16/6,36.68,43.88,46.40,41.05,32.75,31.27,36.77,40.45,31.90,33.45,45.55,33.62,40.79,31.55,32.50,31.74,33.51,32.42,32.99,33.04,34.04,41.02,39.06,33.14,38.58,38.05,32.15,33.01,32.42,34.66,30.99,32.00,40.18,34.32,55.84,55.58,
17/6,36.36,43.25,46.46,40.54,32.69,31.18,36.43,40.04,31.77,33.27,44.80,33.51,41.39,31.46,32.38,31.65,33.43,32.29,32.94,32.94,34.28,41.96,38.64,33.10,38.19,38.10,32.00,32.85,32.27,34.44,30.89,31.89,40.15,34.88,54.46,54.31,
18/6,36.06,42.64,45.97,40.05,32.63,31.07,36.10,39.55,31.64,33.08,44.24,33.62,42.03,31.36,32.28,31.62,33.53,32.32,32.90,33.43,34.83,41.78,38.24,33.00,37.88,37.82,31.86,32.70,32.16,34.22,30.79,31.75,40.41,35.13,53.17,53.26,
19/6,35.81,42.05,45.21,39.59,32.81,30.96,35.79,39.09,31.52,32.93,43.73,33.90,41.99,31.25,32.33,31.55,33.68,32.48,32.79,33.86,35.00,41.22,37.85,32.83,37.59,37.69,31.72,32.55,32.06,34.28,30.70,31.66,40.66,35.19,51.94,52.19,1.60
20/6,35.67,41.49,44.69,39.14,32.91,37.01,35.50,38.66,31.40,32.78,43.11,34.58,41.87,31.13,32.51,31.43,33.61,32.45,32.67,33.69,34.79,40.71,37.48,32.66,37.22,37.46,31.58,32.39,31.93,34.80,30.60,31.58,41.20,35.18,50.82,51.21,
21/6,35.49,40.97,44.20,38.71,32.74,45.31,35.29,38.24,31.28,32.61,42.51,35.29,41.33,31.03,32.58,31.31,33.56,32.28,32.57,33.59,34.57,40.22,37.12,32.49,36.88,37.13,31.46,32.23,31.79,35.02,30.50,31.47,42.56,35.17,49.76,50.69,
22/6,35.23,40.58,43.56,38.43,32.56,46.33,35.20,37.90,31.16,32.45,41.94,35.72,40.78,30.93,32.49,31.20,33.53,32.13,33.00,33.48,34.35,39.75,36.78,32.32,36.74,36.78,31.33,32.08,31.66,36.08,30.41,31.36,43.77,35.23,48.77,50.13,
23/6,34.98,40.22,42.92,38.84,32.40,45.44,35.23,37.57,31.05,32.29,41.92,35.93,40.30,30.83,32.35,31.09,33.38,31.97,33.66,33.29,34.13,39.30,36.46,32.17,36.77,36.45,31.32,31.97,31.57,37.47,30.32,31.24,44.22,35.77,47.93,49.20,
24/6,34.74,39.79,42.31,39.36,32.28,44.48,35.27,37.21,30.94,32.14,41.91,35.75,40.04,30.73,32.37,30.99,33.19,31.83,33.75,33.31,33.92,38.88,36.16,32.64,37.09,36.14,31.34,31.87,31.49,37.47,30.23,31.38,44.59,38.58,47.13,48.25,
25/6,34.61,39.34,41.76,39.21,32.17,43.69,35.15,36.87,30.90,32.00,41.40,35.45,39.79,30.63,32.40,31.07,33.01,31.70,33.59,33.35,33.71,38.47,35.87,33.16,38.29,35.84,31.93,31.75,31.38,37.12,30.14,31.55,44.44,41.93,46.38,47.41,
26/6,34.53,38.91,41.57,38.85,32.04,43.09,34.91,36.55,30.92,31.87,40.90,35.16,39.52,30.53,32.24,31.15,32.87,31.63,33.40,33.40,33.51,38.08,35.60,33.05,40.06,35.58,32.47,31.63,31.27,36.76,30.07,31.63,43.81,43.06,47.06,46.84,1.00
27/6,34.36,38.50,41.35,38.65,32.02,42.46,35.19,36.25,30.88,32.21,40.40,34.91,39.22,30.72,32.10,31.04,32.76,31.62,33.21,33.40,33.32,37.72,35.33,32.89,41.33,35.38,32.31,31.51,31.16,36.42,30.00,31.66,43.11,42.80,48.54,46.38,
28/6,34.16,38.10,41.02,38.69,32.01,41.79,35.44,35.95,30.80,32.59,39.92,34.68,39.26,31.08,31.96,30.93,32.82,31.66,33.02,33.19,33.13,37.39,35.07,32.73,41.51,35.17,32.14,31.39,31.05,36.10,29.92,31.53,42.61,42.12,48.60,45.74,
29/6,33.95,37.72,40.80,38.70,31.91,41.17,35.23,35.66,30.70,32.51,39.47,34.44,39.59,31.16,31.82,30.83,32.84,31.71,32.84,33.01,32.95,37.05,34.82,32.58,41.11,34.93,31.99,31.28,31.05,35.78,29.85,31.54,42.13,41.89,47.74,45.40,
30/6,33.74,37.36,40.41,38.41,31.78,40.90,35.13,35.39,30.63,32.38,39.03,34.21,39.56,31.05,31.68,30.73,32.69,31.68,32.67,32.84,32.77,36.71,34.59,32.41,40.84,34.67,31.84,31.16,31.05,35.50,29.78,31.73,41.54,41.92,46.87,46.96,
1/7,33.57,37.13,40.04,38.00,31.65,41.08,34.96,36.88,30.55,32.68,38.61,33.99,40.17,30.96,31.76,30.63,32.55,31.56,32.50,32.67,32.59,36.39,34.37,32.24,40.69,34.42,31.70,31.06,30.94,35.24,29.71,31.86,40.99,41.68,46.06,48.61,
2/7,33.42,36.90,39.67,37.75,31.53,40.99,34.71,38.88,30.45,34.11,38.20,33.77,42.68,30.88,31.84,30.54,32.41,31.45,32.34,32.90,32.43,36.07,34.16,32.08,40.33,34.37,31.57,30.96,30.84,35.46,29.64,31.82,40.48,41.17,45.29,49.33,
3/7,33.27,36.57,39.20,37.63,31.40,40.52,34.55,38.93,30.36,35.02,37.85,33.57,44.39,30.78,31.71,30.48,32.26,31.41,32.18,33.42,32.27,36.16,34.52,31.93,39.83,34.33,31.43,30.85,30.74,35.68,29.58,31.70,40.01,40.58,44.55,56.43,1.05
4/7,33.11,36.26,38.76,37.52,31.28,40.98,34.40,38.47,30.27,34.74,37.51,33.37,43.99,30.72,31.62,30.42,32.12,31.35,32.03,33.53,32.88,36.27,36.13,31.79,39.36,35.04,31.31,30.75,30.64,35.43,29.51,31.57,39.55,40.03,44.08,63.46,
5/7,32.95,35.97,38.34,38.19,31.20,42.24,34.17,38.04,30.22,34.48,37.15,33.18,43.26,30.72,31.53,30.39,31.98,31.24,31.88,33.36,33.47,36.06,37.32,31.65,38.92,35.88,31.19,30.65,30.55,35.44,29.45,31.45,39.14,39.52,48.28,62.95,
6/7,32.78,35.69,37.94,38.74,31.22,42.51,33.95,37.64,30.43,34.23,36.86,33.00,42.59,30.92,31.43,30.59,31.84,31.12,31.75,33.17,33.27,35.83,37.16,31.60,38.50,35.73,31.07,30.56,30.46,35.46,29.45,31.34,38.88,39.04,52.00,61.19,
7/7,32.62,35.40,38.07,38.44,31.21,41.90,33.74,37.25,30.77,34.00,36.87,32.82,42.07,31.19,31.35,30.86,31.70,31.03,32.31,32.98,33.08,35.54,36.81,31.60,38.32,35.43,30.95,30.53,30.38,35.39,30.25,31.22,40.17,38.59,51.19,60.17,
8/7,32.47,35.13,38.24,38.77,31.48,41.30,33.54,36.89,31.03,33.79,37.28,32.65,41.66,31.22,31.26,30.90,31.57,31.06,32.99,32.80,32.89,35.27,36.50,31.57,38.15,35.16,30.84,30.77,30.33,36.41,31.44,31.10,41.69,38.16,50.35,58.98,
9/7,32.31,34.87,38.03,40.94,31.75,40.72,33.35,36.53,31.13,33.58,37.66,32.49,41.17,31.26,31.17,30.79,31.44,31.13,32.94,32.62,32.71,35.23,36.22,31.50,37.94,34.89,30.85,30.99,30.28,37.20,31.70,30.99,41.66,37.76,49.41,57.34,
10/7,32.17,34.62,38.00,43.89,31.65,40.19,33.16,36.20,31.04,33.38,37.59,32.36,40.64,31.42,31.06,30.68,31.64,31.06,32.76,32.45,32.71,35.23,35.92,31.39,37.73,34.63,30.86,30.94,30.23,36.95,31.57,30.87,41.20,37.38,49.33,55.80,0.90
11/7,32.04,34.38,38.08,45.23,31.54,39.70,33.00,35.88,30.92,33.19,37.26,32.39,40.13,31.43,30.96,30.60,31.86,30.95,32.58,32.29,32.92,35.04,35.63,31.28,37.53,34.38,30.81,30.85,30.19,36.70,31.47,30.76,40.63,37.02,49.18,54.66,
12/7,31.90,34.17,37.93,45.17,31.64,39.24,32.85,35.57,30.82,33.00,36.90,32.43,39.65,31.31,30.86,30.53,31.82,30.83,32.41,32.13,33.18,34.84,35.35,31.17,37.36,34.14,30.96,30.75,30.12,36.39,31.33,30.65,40.10,36.68,48.29,54.00,
13/7,31.77,33.97,37.76,44.55,31.99,38.79,32.68,35.28,30.71,32.81,36.57,32.35,39.18,31.22,30.76,30.45,31.74,31.25,32.25,32.00,33.22,34.61,35.08,31.06,37.03,33.91,31.14,30.81,30.34,36.06,31.59,30.67,39.60,36.35,47.45,54.86,
14/7,31.64,33.77,37.59,43.95,32.20,38.36,32.52,35.00,30.62,32.64,36.25,32.23,38.73,31.11,30.66,30.54,31.61,31.66,32.10,31.87,33.04,34.36,34.85,31.02,36.69,33.91,31.15,30.87,30.59,35.75,32.09,30.69,39.13,36.35,46.67,60.19,
15/7,31.54,33.57,37.23,44.07,32.17,37.94,32.61,34.77,30.52,32.47,35.94,32.08,38.78,31.00,30.56,30.70,31.49,31.52,31.95,31.75,32.87,34.13,34.63,30.99,36.36,33.92,31.09,30.78,30.53,35.46,32.38,30.65,38.69,36.33,45.91,65.03,
16/7,31.44,33.53,36.88,44.11,32.05,37.54,32.88,34.55,30.43,32.31,35.64,31.93,39.61,30.89,30.47,31.46,31.36,32.86,31.80,31.64,32.70,33.90,34.71,30.88,36.03,34.00,30.97,30.72,30.48,35.17,33.40,31.17,38.57,36.01,45.14,64.61,
17/7,31.32,33.50,36.53,43.50,31.91,37.17,32.93,34.31,30.34,32.15,35.66,31.79,40.14,30.79,30.37,32.13,31.24,34.47,31.65,31.60,32.54,33.69,34.77,30.77,35.73,34.19,30.85,30.66,30.43,34.91,34.33,31.67,38.51,35.70,45.59,62.51,0.66
18/7,31.21,33.32,36.20,42.83,31.77,36.82,32.95,34.12,30.25,32.00,35.94,31.65,39.86,30.68,30.28,31.95,31.12,34.45,31.53,31.54,32.38,33.48,34.52,30.68,35.68,34.08,30.74,30.57,30.34,34.66,34.22,32.42,38.17,35.47,46.13,60.57,
19/7,31.09,33.14,35.89,42.20,31.62,36.48,33.59,33.96,30.17,31.85,36.12,31.52,39.41,30.58,30.20,31.80,31.01,34.15,31.40,31.43,32.26,33.29,34.28,30.58,35.79,33.86,30.64,30.48,30.26,34.41,33.96,33.10,37.79,35.25,45.53,58.81,
20/7,30.97,32.96,35.59,41.61,31.48,36.16,34.40,33.77,30.08,31.71,36.17,31.42,38.97,30.47,30.14,31.65,30.90,33.89,31.28,31.34,32.17,33.10,34.05,30.48,35.67,33.65,30.53,30.39,30.17,34.17,33.72,32.93,37.42,37.29,44.81,57.18,
21/7,30.88,32.79,35.39,41.03,31.35,35.85,34.57,33.56,30.00,31.58,36.03,32.19,38.55,30.38,30.15,31.51,30.79,33.65,31.15,31.24,32.05,32.91,33.82,30.39,35.40,33.45,30.43,30.30,30.09,33.96,33.49,32.79,37.08,40.04,44.07,55.69,
22/7,30.78,32.63,35.24,40.48,31.22,35.55,34.36,33.36,29.92,31.44,35.76,33.79,38.15,30.28,30.13,31.38,30.68,33.43,31.03,31.12,31.92,32.75,33.62,30.30,35.13,33.26,30.34,30.77,30.01,33.91,33.27,32.63,36.75,40.37,43.58,54.31,
23/7,30.68,32.47,35.02,39.95,31.12,35.31,34.12,33.17,29.85,31.31,35.48,34.36,37.76,30.22,30.05,31.26,30.59,33.21,30.92,31.01,31.80,32.59,33.41,30.35,34.87,33.09,30.24,31.31,29.94,34.23,33.06,32.45,36.43,39.98,45.55,53.02,
24/7,30.60,32.33,34.76,39.55,31.03,36.66,33.88,32.98,29.77,32.23,35.21,34.07,37.39,30.16,29.97,31.13,30.51,33.01,30.80,30.90,31.71,32.42,33.69,30.52,34.61,32.91,30.16,31.36,29.88,34.40,32.89,32.27,36.11,39.48,47.41,51.80,0.89
25/7,30.50,32.19,34.51,39.89,30.94,37.93,33.65,32.80,29.70,33.33,34.94,33.82,37.05,30.07,29.89,31.01,30.43,32.81,30.95,30.79,31.71,32.32,33.99,30.56,34.36,32.74,30.12,31.39,29.85,34.36,32.72,32.09,35.81,39.00,46.76,50.67,
26/7,30.40,32.06,34.29,40.67,30.91,37.59,33.44,32.64,29.63,33.29,34.69,33.59,36.72,29.99,29.84,30.89,30.34,32.62,31.09,30.69,31.66,32.31,33.81,30.49,34.12,32.57,30.08,31.31,29.82,34.34,32.53,31.93,35.55,38.55,46.00,49.59,
27/7,30.31,31.92,34.09,40.69,30.84,37.71,33.23,35.56,29.57,33.17,34.45,33.37,36.40,30.16,29.78,30.77,30.25,32.45,30.97,30.58,31.53,32.27,33.61,30.40,34.04,32.40,29.99,31.19,29.77,34.14,32.49,31.78,35.30,38.13,45.22,48.60,
28/7,30.24,31.78,34.09,40.16,30.74,37.73,33.02,41.59,29.50,33.16,34.22,33.16,36.09,30.68,29.71,30.66,30.18,32.31,30.85,30.48,31.40,32.15,33.40,30.31,34.02,32.24,29.92,31.07,29.70,34.67,32.45,31.63,35.03,37.72,44.46,47.65,
29/7,30.18,31.64,34.27,39.75,30.63,37.38,32.83,43.90,29.44,33.07,33.99,32.96,35.79,31.04,29.64,30.56,30.12,32.16,30.74,30.38,31.28,32.00,33.21,30.23,34.13,32.08,29.85,30.95,29.63,35.14,32.27,31.89,34.78,37.33,43.73,46.74,
30/7,30.34,31.51,34.34,39.36,30.53,37.07,32.64,43.09,29.38,32.88,33.78,33.34,35.50,31.02,29.58,30.46,30.06,32.01,30.63,30.36,31.16,31.86,33.03,30.15,34.99,31.93,29.78,30.84,29.56,34.84,32.10,32.31,34.58,36.95,43.04,45.88,
31/7,30.48,31.37,34.22,38.92,30.44,40.80,32.46,42.31,29.32,32.76,33.57,33.83,35.21,30.90,29.51,30.59,29.98,32.15,30.53,30.34,31.04,31.72,33.49,30.06,35.57,31.78,29.71,30.73,29.53,34.58,31.97,32.42,35.31,36.59,42.38,45.11,0.63
1/8,30.40,31.24,34.05,38.50,30.34,44.47,32.29,41.61,29.26,32.65,33.37,34.10,34.93,30.79,29.76,30.70,29.90,33.35,30.43,30.25,30.93,31.57,33.97,29.97,35.36,31.64,29.64,30.62,29.53,34.32,31.85,32.37,36.35,36.25,41.75,44.41,
2/8,30.31,31.13,33.88,38.10,30.25,43.90,32.16,40.97,29.20,32.46,33.18,34.24,34.69,30.68,30.01,30.73,29.82,34.43,30.33,30.16,30.82,31.44,33.79,30.08,35.11,31.49,29.57,30.52,29.60,34.09,31.71,32.21,36.36,35.92,41.15,43.72,
3/8,30.22,31.02,33.67,37.71,30.16,43.14,32.04,40.37,29.14,32.29,32.99,34.01,34.46,30.58,29.93,30.99,29.75,36.93,30.24,30.07,30.71,31.30,33.57,30.17,34.83,31.36,29.59,30.41,29.69,33.88,31.58,32.26,36.02,35.61,40.60,43.06,
4/8,30.18,30.95,33.45,37.34,30.10,42.43,31.89,40.71,29.08,32.12,32.80,33.77,34.23,30.47,29.86,31.12,29.67,39.05,30.15,29.98,30.96,31.18,33.36,30.08,34.57,31.28,29.61,30.32,29.71,33.65,31.44,32.29,35.69,35.32,40.60,42.44,
5/8,30.19,30.93,33.24,37.20,30.14,41.77,31.73,41.99,29.03,31.96,32.62,33.55,34.01,30.37,29.78,31.03,29.60,38.61,30.14,29.90,31.21,31.13,33.15,30.07,34.31,31.25,29.54,30.23,29.71,33.43,31.31,32.12,35.38,35.04,40.58,41.81,
6/8,30.17,31.12,33.06,37.05,30.28,41.14,31.59,42.29,28.98,31.81,32.44,33.33,33.79,30.27,29.70,30.92,29.53,38.09,30.15,29.82,31.08,31.14,32.94,30.18,34.06,31.21,29.47,30.14,29.68,33.45,31.19,31.95,35.08,34.86,40.11,41.23,
7/8,30.08,32.87,33.45,36.69,30.33,40.62,31.44,41.64,28.93,31.66,32.63,33.12,33.58,30.18,29.63,30.80,29.46,37.63,30.08,29.75,30.96,31.10,32.75,30.25,33.82,31.12,29.40,30.05,29.62,33.48,31.07,31.79,34.80,34.70,39.73,40.73,0.48
8/8,30.00,35.27,34.74,36.35,30.30,40.40,31.31,41.02,28.88,31.52,33.02,32.91,33.38,30.08,29.56,30.69,29.40,37.21,30.01,29.68,30.84,31.00,32.56,30.24,33.59,31.00,29.33,29.97,29.58,33.40,30.95,31.96,34.54,34.80,39.32,40.65,
9/8,30.42,36.13,35.47,36.03,31.11,40.14,31.17,40.45,28.83,31.39,33.02,32.78,33.18,30.06,29.61,30.58,29.33,36.82,29.94,29.61,30.73,30.88,32.39,30.25,33.38,30.89,29.27,29.90,29.99,33.31,30.83,32.11,34.29,34.88,38.87,40.62,
10/8,31.13,36.04,35.24,35.72,31.87,39.65,31.35,39.91,28.79,31.26,32.81,32.71,32.98,30.98,29.67,30.48,29.27,36.46,29.86,29.53,31.19,30.77,32.22,30.21,33.19,30.79,29.20,29.82,30.46,33.27,30.72,31.98,34.07,34.63,38.42,40.19,
11/8,31.27,35.66,34.94,35.42,31.70,39.18,31.71,39.40,28.74,31.13,32.62,32.72,32.80,32.11,29.61,30.37,29.23,36.10,29.83,29.46,31.93,30.65,32.06,30.12,33.01,30.68,29.14,29.75,30.41,33.21,30.61,31.86,33.85,34.38,37.99,39.70,
12/8,31.19,35.31,34.65,35.12,31.53,38.72,31.85,38.90,28.69,31.01,32.44,32.68,32.63,32.17,29.54,30.27,29.17,35.77,30.04,29.40,32.16,30.55,31.90,30.03,32.83,30.58,29.08,29.67,30.29,33.01,30.51,31.69,33.62,34.14,37.73,39.34,
13/8,31.14,35.00,34.38,34.88,31.37,38.29,31.93,38.42,28.65,30.89,32.26,32.50,32.47,31.99,29.47,30.17,29.11,35.46,30.22,29.33,32.11,30.44,31.74,29.94,32.65,30.48,29.02,29.60,30.29,32.81,30.41,31.54,33.46,33.94,37.62,38.99,
14/8,31.61,34.72,34.15,34.76,31.23,37.87,32.14,37.97,28.61,30.77,32.10,32.32,32.32,31.82,29.40,30.12,29.06,35.44,30.17,29.28,31.95,30.34,31.69,29.85,32.48,30.38,29.01,29.53,30.68,32.62,30.31,31.39,33.30,33.77,37.38,38.92,0.43
15/8,32.30,34.68,34.15,34.68,31.09,37.47,32.33,37.55,28.57,30.66,32.02,32.15,32.24,31.66,29.34,30.20,29.00,35.42,30.13,29.22,31.79,30.24,31.65,29.77,32.31,30.28,29.23,29.54,30.94,32.43,30.21,31.81,33.10,33.66,37.01,39.08,
16/8,32.43,34.65,34.12,34.49,30.97,37.09,32.31,37.17,28.53,30.55,32.05,31.98,32.16,31.85,29.27,30.27,29.07,35.16,30.03,29.17,31.77,30.16,31.50,29.69,32.14,30.28,29.54,29.56,30.80,32.26,30.12,32.22,32.90,33.54,37.00,39.10,
17/8,32.27,34.42,33.88,34.25,30.85,36.77,32.17,36.81,28.50,30.44,32.08,31.82,32.10,32.12,29.21,30.23,29.13,35.47,29.94,29.11,31.78,30.11,31.36,29.61,31.98,30.54,29.67,29.49,30.67,32.38,30.04,32.03,32.71,33.39,37.00,38.98,
18/8,32.09,34.15,33.66,34.02,30.73,36.45,32.02,36.45,28.47,30.34,32.23,31.67,33.42,32.07,29.15,30.16,29.07,35.80,29.85,29.06,31.66,30.14,31.97,29.54,31.83,30.68,29.65,29.42,30.54,32.48,29.95,31.87,32.59,33.23,36.68,38.64,
19/8,31.93,33.90,33.44,33.79,30.64,36.12,31.87,36.12,28.43,30.28,32.56,31.52,35.93,31.97,29.09,30.08,29.02,35.69,29.76,29.00,31.50,30.23,33.38,29.46,31.99,30.63,29.58,29.35,30.71,32.31,29.86,31.73,32.47,33.10,36.34,38.20,
20/8,31.75,33.67,33.22,33.57,30.55,35.80,31.73,35.80,28.39,31.63,32.85,31.38,37.82,31.98,29.03,29.99,28.96,35.52,29.70,28.95,31.35,30.37,34.21,29.39,32.13,30.58,29.50,29.29,30.95,32.70,29.80,31.59,32.43,32.98,35.98,37.79,
21/8,31.68,33.44,33.01,33.36,30.45,35.50,31.58,35.50,28.35,33.72,32.93,31.24,39.04,33.25,28.97,29.90,28.92,35.22,29.65,28.90,31.21,30.44,34.24,29.35,31.97,30.52,29.43,29.22,30.95,33.07,29.74,31.80,32.42,32.98,35.64,37.38,1.46
22/8,31.67,33.21,32.82,33.15,30.49,35.21,32.08,35.21,28.31,34.08,32.77,31.11,40.17,34.41,28.92,29.82,29.09,34.92,29.57,28.87,31.08,30.36,34.02,29.52,32.07,30.47,29.36,29.16,31.03,32.86,29.65,31.98,32.27,34.00,35.31,37.00,
23/8,31.61,33.00,32.67,32.95,30.76,34.93,32.56,34.93,28.28,33.75,32.58,30.98,40.54,34.14,28.86,29.73,29.24,34.63,29.50,28.85,30.97,30.28,33.77,29.78,32.22,30.47,29.29,29.10,31.03,32.66,29.58,31.82,32.10,35.12,35.01,36.64,
24/8,31.54,32.80,32.51,32.75,31.13,34.66,32.77,34.65,28.24,35.31,32.40,30.85,39.96,33.86,28.81,29.65,29.20,34.36,29.47,28.80,30.86,30.19,33.51,29.92,32.11,30.57,29.22,29.06,30.90,32.47,29.50,31.66,31.93,35.36,34.79,36.53,
25/8,31.54,32.61,32.33,32.56,32.39,34.39,33.13,34.39,28.21,36.98,32.22,30.73,39.37,33.60,28.76,29.57,29.16,34.09,29.45,28.75,30.74,30.09,33.29,29.97,31.96,30.55,29.16,29.17,30.78,32.28,29.42,31.51,31.77,35.32,34.58,36.42,
26/8,32.32,32.43,32.22,32.38,33.36,34.19,33.04,34.13,28.17,36.77,32.05,30.67,38.85,33.34,28.71,29.49,29.12,33.84,29.40,28.70,30.66,30.00,33.08,29.91,31.82,30.43,29.09,29.41,30.66,32.10,29.36,31.36,31.83,35.07,34.35,37.34,
27/8,33.68,32.25,32.12,32.22,33.12,34.28,32.81,33.87,28.14,36.64,31.96,30.76,38.36,33.10,28.67,29.41,29.10,33.59,29.34,28.66,30.59,29.93,32.86,29.83,31.69,30.32,29.53,29.51,30.53,31.93,29.33,31.21,31.88,34.79,34.13,38.62,
28/8,34.09,32.08,31.94,32.06,32.89,34.29,32.59,33.63,28.11,36.49,31.88,30.81,37.89,32.87,28.63,29.34,29.07,33.36,29.27,28.61,30.55,29.86,32.72,29.75,31.55,30.22,30.06,29.46,30.42,31.76,29.29,31.07,31.73,34.52,33.89,38.52,1.05
29/8,33.79,32.24,31.78,31.90,32.68,34.04,32.44,33.40,28.08,36.08,31.73,30.71,37.45,32.65,28.58,29.27,29.12,33.13,29.21,28.57,30.51,29.81,32.60,29.67,31.40,30.11,30.05,29.41,30.33,31.60,29.30,30.94,31.59,34.26,33.67,38.04,
30/8,33.51,32.47,32.01,32.02,32.47,33.79,32.31,33.19,28.05,35.77,31.58,30.59,37.03,32.65,28.54,29.20,29.16,33.00,29.14,28.52,30.55,29.76,32.45,29.59,31.26,30.15,29.95,29.37,30.25,31.45,29.42,30.83,31.45,34.00,33.59,37.58,
31/8,33.26,32.37,32.32,32.29,32.28,34.05,32.21,32.98,28.02,35.56,31.49,30.47,36.64,33.69,28.49,29.13,29.13,32.92,29.09,28.48,30.86,29.67,32.36,29.52,31.12,30.32,29.86,29.30,30.15,31.32,29.46,30.71,31.31,33.75,33.51,37.15,
1/9,33.02,32.19,32.24,32.40,32.10,34.57,32.82,32.79,27.99,35.33,31.40,30.36,36.27,34.56,28.54,29.07,29.10,32.76,29.03,28.44,31.11,29.69,32.25,29.44,30.98,30.36,29.77,29.23,30.05,31.20,29.44,30.60,31.18,33.51,33.30,36.89,
2/9,32.86,32.02,32.06,32.33,31.93,34.60,33.36,32.60,27.96,35.03,31.27,30.26,36.04,34.31,28.59,29.01,29.05,32.57,28.97,28.42,31.44,30.22,32.08,29.37,30.86,30.27,29.68,29.17,29.96,31.08,29.42,30.49,31.05,33.27,33.09,36.67,
3/9,32.74,31.87,31.89,32.17,31.76,34.38,33.21,32.43,27.94,34.73,31.15,30.16,36.03,34.04,28.55,28.95,28.99,32.38,28.92,28.39,31.68,30.76,31.93,29.31,30.73,30.18,29.60,29.12,29.87,31.20,29.35,30.38,30.93,33.05,32.89,36.34,
4/9,32.69,31.79,31.73,32.00,31.61,34.14,33.08,32.26,27.92,34.44,31.03,30.07,36.01,33.78,28.51,28.89,28.99,32.20,28.88,28.36,31.55,30.77,31.77,29.24,30.61,30.08,29.52,29.06,29.78,31.39,29.28,30.33,30.80,32.97,32.70,35.99,0.75
5/9,32.61,31.71,31.84,31.84,31.45,33.90,32.93,32.09,27.89,34.16,30.92,29.98,35.99,33.53,28.47,28.83,29.16,32.02,29.03,28.32,31.41,30.65,31.78,29.17,30.50,30.09,29.45,29.22,29.96,31.35,29.23,30.49,30.69,32.89,32.53,35.66,
6/9,32.42,31.56,31.95,31.88,31.31,33.66,32.74,32.13,27.87,33.96,30.81,30.14,35.88,33.32,28.43,28.92,29.34,31.85,29.19,28.29,31.26,30.53,31.86,29.24,30.39,30.09,29.37,29.38,30.34,31.22,29.17,30.59,30.60,32.68,32.37,35.35,
7/9,32.25,31.42,31.79,31.99,31.36,33.43,32.55,32.23,27.85,33.78,30.70,30.48,35.76,33.67,28.43,29.00,29.46,31.70,29.18,28.30,31.12,30.42,31.87,29.47,30.32,30.00,29.30,29.31,30.44,31.09,29.10,30.48,30.51,32.49,32.21,35.44,
8/9,32.12,31.27,31.64,31.92,31.57,33.22,32.35,32.13,27.82,33.57,30.60,30.61,35.62,34.08,28.44,28.93,29.49,31.55,29.15,28.33,30.99,30.30,31.82,29.60,30.24,29.91,29.25,29.26,30.34,32.58,29.04,30.72,30.42,32.32,32.11,36.12,
9/9,32.14,31.13,31.49,31.78,31.58,33.11,32.17,32.03,27.80,33.41,30.50,30.56,35.31,33.93,28.40,28.88,29.62,31.53,29.10,28.42,30.86,30.20,31.85,29.56,30.18,29.82,29.27,29.21,30.24,34.14,28.98,30.96,30.35,32.15,32.00,36.34,
10/9,32.13,31.04,31.34,31.65,31.43,33.01,31.99,32.35,27.78,33.27,30.44,30.58,35.02,33.71,28.37,28.82,29.88,31.57,29.06,28.52,30.73,30.09,32.10,29.50,30.25,29.78,29.29,29.16,30.14,33.96,28.93,30.86,30.44,31.99,31.88,36.17,
11/9,32.02,30.97,31.19,31.54,31.27,32.84,31.82,32.62,27.77,33.16,30.70,30.71,35.19,33.57,28.33,28.84,29.92,31.49,28.99,28.50,30.61,30.00,32.72,29.44,30.26,30.03,29.25,29.13,30.04,33.74,28.87,30.85,30.55,32.13,31.87,36.12,0.42
12/9,31.91,31.74,31.06,31.42,31.13,32.65,31.67,32.46,27.75,33.28,31.07,30.71,35.72,33.40,28.29,29.25,29.83,31.35,28.93,28.45,30.49,29.91,33.07,29.37,30.17,30.39,29.21,29.09,29.94,33.48,28.81,30.83,30.56,32.51,31.85,35.90,
13/9,31.75,33.24,30.94,31.29,30.99,32.45,31.54,32.29,27.81,33.73,31.09,30.81,36.12,33.19,28.34,29.58,29.74,31.23,28.92,28.41,30.40,29.82,32.91,29.31,30.08,30.49,29.14,29.02,30.04,33.24,28.76,30.70,30.53,33.00,31.75,35.57,
14/9,31.59,33.78,30.82,31.16,30.89,32.32,31.47,32.11,27.88,33.97,30.96,30.99,37.23,32.97,28.41,29.48,29.65,31.34,28.91,28.51,30.35,29.75,32.78,29.25,29.99,30.43,29.18,28.98,30.24,33.00,28.70,30.57,30.42,33.37,31.61,35.25,
15/9,31.75,33.56,30.85,31.09,30.79,32.90,32.14,31.94,28.10,33.79,30.84,31.00,39.35,32.76,28.48,29.40,29.56,31.43,28.85,28.88,30.31,29.73,32.67,29.20,29.91,30.33,29.30,28.99,30.23,32.78,28.65,30.51,30.31,33.39,31.46,34.94,
16/9,32.15,33.32,31.86,31.02,30.66,33.54,33.17,31.80,28.36,33.54,30.72,31.04,40.29,32.56,28.53,29.32,29.48,31.30,28.80,29.10,30.26,29.71,32.52,29.13,29.82,30.23,29.34,28.98,30.13,32.56,28.61,30.45,30.20,33.84,31.33,34.64,
17/9,32.22,33.09,33.44,31.00,30.54,33.52,33.54,31.66,28.50,33.31,30.61,31.25,39.80,32.36,28.50,29.25,29.40,31.16,28.82,29.05,30.20,29.66,32.41,29.07,29.75,30.13,29.33,28.92,30.03,32.38,28.56,30.43,30.10,34.34,31.21,34.35,
18/9,32.04,32.86,33.90,31.17,30.47,33.40,33.48,31.51,28.65,33.08,30.49,31.35,39.23,32.17,28.47,29.18,29.36,31.03,29.17,29.01,30.13,29.58,32.30,29.01,29.68,30.04,29.29,28.86,29.93,32.21,28.51,30.43,30.00,34.48,31.24,34.13,0.77
19/9,31.87,32.68,33.63,31.26,30.40,33.20,33.27,31.36,28.69,32.87,30.40,31.22,39.56,31.99,28.44,29.73,29.31,30.90,29.46,29.17,30.04,29.50,32.27,29.00,29.60,29.94,29.39,28.80,29.84,32.37,28.46,30.35,29.90,34.42,33.24,33.92,
20/9,32.49,32.75,33.43,31.16,30.29,33.00,33.07,31.23,28.67,32.66,30.31,31.07,39.84,31.88,28.40,30.33,29.24,31.64,29.40,29.31,29.95,29.42,32.27,29.11,29.60,29.85,29.56,28.75,29.75,32.52,28.42,30.25,29.86,34.12,35.97,33.67,
21/9,34.37,33.22,33.28,31.03,30.20,32.80,32.87,31.09,28.61,32.49,30.25,30.93,39.26,31.96,28.82,30.25,29.53,32.41,29.33,29.27,29.86,29.37,32.11,29.15,29.61,29.75,29.59,28.70,30.75,32.63,28.38,30.25,29.83,33.84,36.60,33.42,
22/9,35.44,33.42,33.21,30.90,30.19,34.15,32.67,30.96,28.56,32.32,30.33,30.79,38.72,32.02,29.35,30.13,29.87,32.25,29.25,29.20,30.02,29.32,31.94,29.10,29.53,29.82,29.53,28.73,31.84,33.05,28.40,30.26,29.98,33.64,36.32,33.20,
23/9,35.18,33.18,33.13,30.78,30.17,35.78,32.52,30.83,28.51,32.13,30.39,30.67,38.25,31.95,29.38,30.02,29.83,32.07,29.18,29.14,30.31,29.25,31.77,29.24,29.45,30.09,29.53,28.76,31.71,33.18,28.51,30.23,30.11,33.56,35.90,33.00,
24/9,34.84,32.95,33.00,30.66,30.09,35.70,33.54,30.71,28.50,32.03,30.32,30.54,38.25,31.92,29.29,29.91,30.53,32.17,29.11,29.07,30.33,29.42,31.61,29.42,29.47,30.32,29.86,28.84,31.53,32.98,28.55,30.20,30.01,33.60,35.58,32.80,
25/9,34.53,32.74,32.83,30.54,29.99,35.36,35.07,30.59,28.57,31.94,30.22,30.43,38.24,31.81,29.22,29.81,31.60,33.72,29.05,29.02,30.23,29.73,31.46,29.39,29.50,30.36,30.07,28.91,31.35,32.82,28.50,30.11,29.91,33.54,35.44,32.71,0.76
26/9,34.25,32.54,32.66,30.42,30.02,35.08,35.92,30.47,28.67,31.77,30.11,30.31,39.56,31.65,29.50,29.71,31.80,35.19,29.00,28.98,30.17,29.84,31.31,29.32,29.42,30.29,30.06,28.85,31.37,32.65,28.45,30.01,29.93,33.30,35.31,32.61,
27/9,33.96,32.37,32.81,30.31,30.08,35.34,36.38,30.36,28.79,31.61,30.12,30.21,41.26,31.50,29.76,29.65,31.63,35.05,29.13,28.93,30.11,29.82,31.16,29.32,29.34,30.19,30.08,28.80,31.42,32.45,28.40,29.92,29.94,33.21,35.06,32.41,
28/9,33.73,32.39,32.93,30.20,30.08,35.61,36.17,30.25,28.84,31.45,30.52,30.37,41.07,31.35,29.68,29.60,31.45,34.73,29.36,28.89,30.01,29.74,31.01,29.31,29.27,30.08,30.18,28.75,31.31,32.26,28.36,29.84,29.85,33.12,34.77,32.24,
29/9,33.56,32.45,32.73,30.13,30.08,35.37,35.76,30.14,28.86,31.31,30.97,30.71,40.41,31.22,29.73,29.55,31.28,34.43,29.45,28.96,29.91,29.65,30.89,29.24,29.22,29.99,30.23,28.69,31.15,32.09,28.33,29.74,29.76,33.23,34.46,32.26,
30/9,33.37,32.31,32.52,30.08,30.02,35.08,35.38,30.13,28.84,31.17,31.00,30.88,39.81,31.22,32.32,29.49,31.13,34.41,29.42,29.03,29.82,30.31,30.77,29.17,29.18,29.90,30.12,28.64,31.07,31.93,28.30,29.65,29.68,33.44,34.17,32.55,
1/10,33.13,32.13,33.83,30.02,29.95,34.77,35.02,30.15,28.80,31.03,30.86,31.29,39.29,31.28,34.90,29.41,30.99,34.38,29.34,29.24,29.73,30.96,30.66,29.16,29.20,29.89,30.00,28.59,31.28,31.79,28.28,29.59,29.59,33.35,33.90,32.71,
2/10,32.99,31.95,36.15,29.95,29.89,34.46,34.70,30.08,28.76,30.93,30.73,32.36,39.61,31.21,34.73,29.34,30.85,34.09,29.26,29.52,29.64,30.80,30.54,29.24,29.21,29.88,29.91,28.54,31.40,31.64,28.32,31.18,29.51,33.16,33.81,32.64,1.60
3/10,33.08,31.82,36.73,29.87,29.80,34.21,34.40,29.98,28.71,30.94,30.60,33.13,39.85,31.07,34.31,29.33,30.72,33.82,29.19,29.51,29.56,30.65,30.42,29.25,29.23,29.78,29.88,28.49,31.24,31.49,28.35,32.78,29.48,32.94,33.71,32.56,
4/10,33.13,32.25,36.28,29.79,29.71,34.06,34.14,29.88,29.02,30.92,30.50,33.05,39.45,31.02,33.96,29.34,30.63,33.54,29.67,29.44,29.61,30.52,30.31,29.20,29.57,31.23,29.87,28.45,31.33,31.34,28.35,32.51,29.59,33.18,33.46,32.40,
5/10,33.07,34.55,37.16,29.72,29.62,33.91,33.90,29.79,29.36,30.79,30.55,33.02,39.38,30.98,33.70,29.28,30.53,33.30,30.14,29.38,30.03,30.56,30.21,29.24,29.83,32.73,30.25,28.41,31.63,31.77,28.34,32.30,29.72,33.42,33.39,32.21,
6/10,32.98,39.17,38.12,29.65,29.55,33.70,33.64,29.70,29.32,30.67,30.60,33.19,39.13,30.87,33.46,29.21,30.46,33.11,30.02,29.33,30.38,30.59,30.11,29.27,29.74,32.50,30.62,28.46,32.27,32.20,28.30,32.11,29.75,33.25,33.33,32.02,
7/10,32.77,43.36,37.99,29.57,29.49,33.50,33.63,29.61,29.24,30.55,30.52,33.17,39.08,30.74,33.19,29.38,30.39,32.93,29.91,29.27,30.34,30.46,30.14,29.19,29.64,32.28,30.75,28.53,32.92,32.12,28.28,31.94,29.85,33.06,33.17,31.86,
8/10,32.61,44.33,37.78,29.48,29.47,33.30,34.45,30.43,29.16,30.59,30.48,33.00,39.05,30.65,32.93,29.58,30.29,32.71,29.82,29.20,30.34,30.63,30.21,29.21,29.55,32.09,30.86,28.53,32.95,32.01,28.27,31.78,29.87,32.83,33.00,31.86,
9/10,32.69,43.51,37.40,29.40,29.43,33.08,35.04,31.42,29.10,30.66,30.44,32.83,38.57,30.60,32.74,29.52,30.19,32.51,29.75,29.13,30.30,30.79,30.19,29.46,29.47,31.94,30.76,28.53,32.80,31.83,28.24,31.62,29.78,33.16,32.77,32.28,2.04
10/10,32.76,42.75,37.56,30.39,29.35,32.87,34.76,31.36,29.10,30.64,30.36,32.60,38.12,30.56,32.69,29.49,30.09,32.33,29.65,29.06,30.18,30.65,30.12,29.71,29.51,31.78,30.62,28.82,32.60,31.65,28.22,31.81,29.73,33.45,32.55,32.80,
11/10,32.75,42.10,37.67,31.70,29.60,32.66,34.46,31.18,29.24,31.11,30.27,32.39,37.70,30.68,32.59,29.45,30.09,32.15,29.57,29.00,30.23,30.66,30.02,29.70,29.70,31.60,31.19,29.08,32.38,31.48,28.21,32.23,31.22,33.20,32.35,32.86,
12/10,32.97,41.46,37.76,31.80,29.83,32.46,34.18,31.45,29.34,31.49,30.24,32.18,37.26,30.82,32.53,29.59,30.08,32.02,29.79,28.94,30.35,30.74,29.93,29.61,29.75,32.01,32.19,29.33,32.17,31.51,28.18,32.75,32.79,33.00,32.15,32.67,
13/10,33.11,40.99,38.17,31.65,29.74,32.26,33.94,31.84,29.27,31.32,30.33,31.99,37.29,30.93,32.49,29.99,30.07,31.89,30.15,28.89,30.33,30.70,29.88,29.52,29.75,32.39,32.49,29.81,31.97,31.80,28.15,34.30,32.66,33.20,31.97,32.48,
14/10,32.94,40.53,38.02,31.47,29.65,32.09,33.71,31.78,29.19,31.16,31.00,31.80,37.32,31.00,32.50,30.18,30.31,31.80,30.19,28.85,30.36,30.63,29.83,29.44,30.18,32.22,32.94,30.10,31.77,31.89,28.14,36.48,32.45,33.59,31.79,32.29,
15/10,32.75,40.66,37.53,31.30,29.79,31.93,33.46,31.62,29.11,31.03,31.60,31.90,36.93,30.91,32.48,30.08,30.51,31.98,30.07,28.79,30.36,30.55,29.87,29.35,30.55,32.16,33.53,30.09,31.85,31.93,28.13,37.40,32.21,33.79,31.61,32.12,
16/10,32.57,40.99,37.08,31.75,30.02,32.06,33.26,31.52,29.05,30.91,31.52,32.18,36.55,30.78,32.28,30.01,30.47,32.43,29.98,28.81,30.25,30.48,29.97,29.27,30.49,33.19,33.48,30.46,31.92,32.45,28.10,37.19,32.01,33.89,31.44,31.96,1.41
17/10,32.36,40.69,37.36,33.14,30.01,32.18,33.42,31.40,29.06,30.77,31.50,32.19,36.36,30.90,32.15,30.19,30.37,32.71,29.91,28.95,30.27,30.41,29.93,29.20,30.40,34.39,33.19,30.85,31.74,32.73,28.07,36.72,31.92,34.35,31.28,31.82,
18/10,32.24,41.41,38.22,33.86,30.63,32.01,33.58,31.56,29.07,30.64,31.95,32.03,36.68,31.27,32.25,31.64,30.26,32.64,29.83,29.02,30.83,30.29,29.84,29.13,30.30,34.43,32.93,30.73,31.91,32.64,28.04,36.26,32.43,34.68,31.13,31.66,
19/10,32.13,42.39,38.37,33.57,31.25,31.88,33.38,32.08,29.01,30.52,32.29,31.92,36.88,31.38,32.29,33.90,30.21,32.43,29.74,28.96,31.34,30.17,29.74,29.20,30.49,34.19,32.75,30.72,32.17,32.56,28.01,35.84,32.86,34.41,31.37,31.49,
20/10,31.94,42.10,37.90,33.28,31.14,31.75,33.15,32.29,28.95,30.62,32.13,31.88,36.62,31.27,32.15,34.88,30.22,32.32,29.64,28.89,31.27,30.44,29.82,29.25,30.64,33.89,32.65,30.69,32.06,32.42,27.98,35.44,32.65,34.10,31.79,31.32,
21/10,31.77,41.38,37.42,33.02,31.02,31.59,32.95,32.15,29.02,30.95,31.93,31.80,36.33,31.29,32.12,34.98,30.26,32.22,29.56,28.89,31.11,30.76,29.90,29.21,30.61,33.60,32.52,30.77,31.89,32.29,27.95,35.07,32.46,34.25,31.84,31.17,
22/10,31.65,41.25,37.24,32.86,30.87,31.72,32.79,32.19,29.45,31.24,31.75,31.63,36.48,31.39,32.24,34.78,30.25,32.28,29.69,28.90,30.96,30.71,29.87,29.29,30.57,33.45,34.19,31.06,31.72,32.09,28.06,34.73,32.28,34.42,31.68,31.03,
23/10,32.03,41.36,37.59,32.83,31.17,31.89,32.62,32.30,29.75,31.29,31.64,32.07,36.58,31.44,32.38,34.40,30.16,32.49,29.97,28.86,30.82,30.60,29.85,29.31,30.44,34.30,36.83,31.64,31.62,32.06,28.17,34.41,32.09,34.34,31.90,30.90,1.93
24/10,32.55,40.94,37.87,32.70,31.51,31.89,32.43,32.29,29.77,31.13,31.69,32.49,36.20,31.44,33.40,34.05,30.20,32.53,30.06,29.18,31.61,30.46,29.78,29.23,30.32,35.02,38.35,31.95,31.58,32.07,28.15,34.13,31.94,34.43,32.16,30.78,
25/10,32.53,40.33,37.72,32.48,31.40,31.89,32.23,32.24,29.90,30.99,31.89,32.31,35.84,31.41,34.45,33.78,30.23,32.41,30.01,29.51,32.74,30.34,29.72,29.15,30.20,35.97,38.81,31.74,31.59,32.01,28.16,33.85,31.82,34.37,32.02,30.67,
26/10,32.32,39.97,38.25,32.30,31.46,31.83,32.04,33.02,30.96,31.10,31.97,32.15,35.51,31.42,34.61,33.55,30.41,32.21,30.28,29.45,32.89,30.41,29.68,29.14,30.21,37.26,38.37,31.74,31.62,32.13,28.16,33.58,31.69,34.42,32.17,30.81,
27/10,32.12,40.38,38.61,32.12,31.49,31.72,31.85,33.67,31.98,31.19,31.88,32.03,35.34,31.35,35.17,33.62,30.92,32.02,31.02,29.63,32.71,30.62,29.64,29.15,30.23,37.24,38.05,32.11,31.73,32.23,28.13,33.32,31.52,34.63,32.47,31.41,
28/10,31.92,41.47,38.10,31.99,31.31,31.55,31.86,33.37,32.00,31.04,31.80,31.97,35.34,31.19,36.55,33.93,31.19,31.88,31.57,29.81,32.79,31.34,29.70,29.09,30.13,36.92,37.74,32.39,31.81,32.09,28.17,33.08,31.35,34.51,32.67,31.71,
29/10,32.05,41.86,37.84,31.90,31.17,31.42,31.92,33.10,31.89,30.90,31.86,31.85,35.34,31.28,37.32,33.97,31.12,31.92,31.72,29.72,32.85,32.42,29.85,29.06,30.06,36.66,37.35,32.31,31.74,31.89,28.23,32.95,31.19,34.21,32.68,31.78,
30/10,32.25,41.38,37.59,32.12,32.33,31.29,31.82,32.88,31.68,30.76,31.84,32.04,36.30,31.43,36.94,33.77,31.02,32.63,31.66,29.62,32.65,32.72,29.94,29.03,29.97,36.44,37.58,33.53,31.75,31.70,28.35,32.89,31.05,34.33,32.64,32.77,2.23
31/10,32.61,43.03,37.14,32.37,34.22,31.24,31.66,32.70,31.48,30.63,31.97,32.29,37.33,31.50,36.47,33.52,30.93,33.97,31.51,29.53,32.43,33.17,29.94,30.31,29.94,36.17,37.81,35.01,31.78,31.52,28.47,32.73,30.90,34.71,32.73,34.56,
1/11,33.89,44.89,36.73,32.61,34.75,31.62,31.49,32.55,31.35,30.50,33.32,32.51,37.26,32.34,36.12,33.25,30.84,34.62,31.35,29.90,32.22,34.80,29.85,31.71,30.37,35.80,37.68,35.99,31.85,31.35,28.44,32.51,30.86,35.00,34.75,36.51,
2/11,34.58,44.89,36.43,32.74,34.69,32.03,31.36,32.78,31.38,30.38,34.40,32.74,37.01,32.96,35.86,33.01,30.73,34.65,31.21,30.45,32.15,35.79,29.76,31.54,30.74,35.47,38.26,36.81,31.86,31.56,28.39,32.59,30.91,35.14,37.04,37.90,
3/11,34.22,44.80,37.76,32.52,34.54,32.06,31.30,32.98,31.38,30.28,34.89,32.74,36.67,32.71,35.54,32.77,30.72,34.63,31.08,30.62,32.13,35.58,30.24,31.34,30.74,35.26,39.33,36.76,31.74,31.81,28.35,32.70,31.03,35.02,37.83,38.72,
4/11,33.91,44.31,39.25,32.31,34.24,31.94,31.25,32.82,31.24,30.20,37.39,32.71,36.55,32.47,35.28,32.55,30.86,34.47,30.94,30.74,32.05,35.22,30.86,31.16,30.78,35.42,39.72,36.60,31.81,32.53,28.54,32.53,31.21,35.06,38.22,39.01,
5/11,33.84,43.59,39.17,32.12,35.33,31.79,31.64,32.69,31.08,30.10,39.39,32.56,37.11,32.41,35.05,32.38,30.91,34.37,30.80,30.72,31.92,34.89,30.85,30.99,30.70,35.61,39.61,36.29,32.05,33.28,28.80,32.41,31.24,35.04,37.82,38.63,
6/11,33.78,43.08,38.88,32.07,36.72,31.64,32.11,32.60,30.93,30.01,39.35,33.65,37.62,32.45,34.75,32.58,30.82,34.19,30.67,30.58,31.75,35.35,30.71,30.83,30.60,35.40,40.48,36.05,32.06,33.20,28.81,32.30,31.12,34.87,37.29,38.48,1.53
7/11,33.63,42.86,39.14,32.32,36.66,31.49,32.06,32.51,30.79,30.09,39.08,34.99,37.41,32.36,34.45,33.09,30.70,33.91,30.77,30.93,31.59,36.33,30.62,30.68,30.52,35.07,41.01,35.83,31.86,34.49,28.75,32.11,32.29,34.70,37.78,38.35,
8/11,33.72,42.43,39.50,32.42,36.60,31.35,31.92,33.76,30.66,30.53,39.21,35.09,36.98,32.17,34.16,33.47,30.69,33.73,31.37,32.30,31.46,36.62,30.52,30.55,30.53,34.79,40.40,35.51,32.09,35.78,28.69,31.92,34.20,34.38,38.80,37.87,
9/11,34.65,42.44,39.14,32.22,36.56,31.25,33.14,35.21,30.58,30.91,39.29,34.98,36.57,31.98,34.04,33.75,31.16,33.88,33.28,33.23,31.32,36.43,30.97,30.47,30.51,34.71,39.77,35.15,32.30,35.52,28.65,31.81,34.83,34.18,38.82,37.37,
10/11,35.43,42.50,38.60,32.08,36.78,31.21,34.51,35.05,30.50,30.88,38.88,35.27,36.20,32.07,33.93,33.80,31.85,33.95,36.81,33.05,31.17,36.37,31.60,30.40,30.44,35.56,39.21,35.38,32.56,35.93,28.61,32.27,34.67,34.00,38.32,37.16,
11/11,35.20,41.97,38.53,32.05,37.57,31.47,34.34,34.70,30.38,30.82,38.31,35.84,35.86,33.35,33.70,33.82,32.11,33.76,38.40,32.79,31.14,36.43,31.61,30.74,31.08,36.27,38.68,36.45,32.92,36.35,28.56,32.65,34.31,33.84,37.85,37.50,
12/11,34.86,41.91,38.64,33.46,37.80,32.13,34.03,34.46,30.29,30.80,37.85,35.84,35.53,34.54,33.50,33.86,32.59,33.88,37.92,32.54,31.12,36.26,31.43,31.38,31.65,35.96,38.16,36.88,32.84,36.01,28.51,32.45,34.07,34.08,38.47,37.56,
13/11,34.55,42.06,38.34,35.55,37.80,32.47,33.74,34.50,30.21,30.71,37.43,35.78,35.97,34.42,33.32,33.65,32.92,33.96,37.57,32.31,31.09,37.10,31.26,31.50,31.50,35.58,37.68,36.61,33.88,35.66,28.62,32.24,33.95,34.33,39.80,37.43,1.31
14/11,34.25,41.72,38.04,36.08,37.94,32.31,33.47,35.10,30.45,30.60,37.01,36.48,36.39,34.85,33.28,33.63,32.67,33.74,37.17,32.10,31.26,38.13,31.18,31.32,31.39,35.21,37.22,36.57,34.93,38.08,28.96,32.85,33.78,34.16,39.97,37.27,
15/11,33.96,41.45,38.26,35.78,37.89,32.26,33.22,36.62,31.13,30.48,36.86,36.98,36.00,35.27,34.11,33.58,32.49,33.49,36.81,32.09,31.40,38.13,31.12,31.31,31.63,34.89,36.78,36.36,34.64,40.43,29.30,33.79,33.49,34.59,39.38,36.82,
16/11,33.68,41.72,38.54,35.38,37.69,32.19,33.26,37.42,31.48,30.36,38.10,36.66,35.92,35.41,35.05,34.24,32.33,33.28,36.63,32.15,31.33,38.41,30.99,31.36,31.94,36.48,36.49,35.95,34.29,39.93,29.37,33.86,33.23,35.01,38.80,36.41,
17/11,33.43,41.65,38.27,35.01,38.08,32.29,33.46,36.95,31.39,30.25,39.58,36.32,37.43,36.37,35.99,35.21,32.22,33.19,38.19,32.19,31.25,38.43,30.85,31.85,31.97,38.16,36.50,35.58,34.61,39.34,29.35,33.58,33.05,34.69,38.26,36.03,
18/11,33.22,42.60,37.79,35.25,38.50,32.46,33.40,36.70,31.24,30.15,40.60,36.30,38.63,36.78,36.81,35.25,32.45,33.09,39.50,32.55,31.19,38.11,30.77,32.26,34.08,42.64,37.33,35.26,35.28,38.78,29.33,33.36,32.88,34.44,37.76,35.66,
19/11,33.02,44.32,38.24,36.61,40.59,32.34,33.26,36.55,31.33,30.06,41.76,36.62,38.13,36.32,36.76,34.98,33.11,32.88,38.87,34.04,31.13,38.31,30.77,32.06,36.32,46.56,37.92,36.30,35.28,38.25,29.34,33.15,32.77,34.86,37.28,36.71,
20/11,32.90,44.31,41.25,37.33,42.48,32.17,33.18,36.32,31.47,30.03,42.70,36.61,37.65,35.90,36.52,35.29,33.87,32.81,38.30,35.05,31.05,38.36,30.72,31.85,36.22,46.14,37.54,37.42,34.95,37.85,29.34,32.96,32.74,35.32,36.87,37.93,1.08
21/11,33.23,43.59,45.56,38.26,41.84,32.11,33.08,36.02,31.37,30.00,43.37,36.19,37.31,35.51,36.19,37.77,34.39,32.97,37.84,34.67,30.94,37.91,30.89,31.66,35.75,45.90,37.13,37.68,34.67,37.56,29.37,34.12,32.95,35.16,37.69,37.64,
22/11,33.62,42.93,48.06,39.27,41.36,32.35,32.99,35.63,31.24,30.06,43.84,35.79,37.10,35.23,35.84,39.55,34.39,32.97,37.83,34.42,31.24,37.42,31.15,31.48,35.34,46.44,36.74,38.11,34.39,37.24,29.60,35.40,33.09,34.94,39.46,37.16,
23/11,36.05,42.22,48.35,38.84,41.44,32.65,33.04,35.29,31.36,30.10,43.76,35.73,38.21,34.96,35.50,39.15,34.63,33.24,38.26,34.34,31.57,37.20,31.39,31.31,34.99,49.88,36.44,41.35,34.09,37.25,29.94,35.27,32.91,34.71,40.07,36.70,
24/11,38.30,41.57,47.57,38.30,41.35,33.48,33.25,37.61,31.47,30.06,43.06,35.73,40.48,34.63,35.25,38.77,34.84,33.98,40.20,34.27,31.45,37.43,31.84,31.19,34.82,51.67,36.16,44.45,33.81,37.29,30.16,34.94,33.75,34.47,39.79,36.38,
25/11,37.93,41.60,46.50,38.03,41.47,34.82,33.49,40.32,31.32,30.17,42.52,35.76,41.71,34.71,35.00,38.44,34.52,34.55,41.66,39.45,32.36,37.50,32.09,31.23,34.62,50.67,36.20,44.56,34.08,37.88,30.16,34.79,34.85,34.67,40.53,36.08,
26/11,37.40,41.83,45.51,38.15,42.07,35.61,33.62,40.29,31.16,30.43,43.34,37.44,42.53,35.25,35.00,39.19,34.22,35.58,41.09,44.35,33.46,37.74,32.13,31.39,34.75,49.79,38.30,44.12,34.34,38.39,30.09,35.11,35.11,34.86,41.16,35.71,
27/11,36.93,41.62,44.66,38.93,42.65,35.62,35.48,40.44,31.03,31.30,43.96,38.79,43.81,35.37,35.09,39.81,33.93,36.26,40.63,43.70,33.59,38.30,32.24,31.45,35.14,48.74,40.54,43.23,34.06,38.83,30.07,35.27,35.21,34.58,41.16,36.13,0.70
28/11,36.52,41.94,44.05,39.65,42.99,35.26,37.58,40.63,30.92,31.93,43.18,38.36,44.11,35.14,35.54,39.22,33.65,37.09,40.47,42.94,33.50,39.47,32.69,32.26,36.70,47.74,40.76,42.68,33.79,40.23,30.13,34.97,35.03,34.27,41.03,38.62,
29/11,36.46,42.51,43.49,39.46,42.80,34.94,37.70,40.34,30.96,31.78,42.90,38.23,43.33,34.95,36.11,38.65,33.40,37.78,40.57,42.06,34.70,40.24,33.52,33.74,37.99,47.15,40.63,42.25,33.52,40.89,30.22,34.68,35.11,34.87,40.49,40.95,
30/11,36.64,43.94,42.83,39.61,43.54,34.66,37.34,41.17,30.98,31.70,43.33,38.41,42.54,35.33,35.95,38.12,33.30,37.86,40.39,42.85,35.79,40.19,34.30,34.37,37.77,48.05,42.60,41.99,33.41,42.06,30.28,34.41,35.17,35.44,40.71,41.04,
1/12,36.78,48.38,42.33,40.06,44.17,34.41,36.90,44.11,31.27,31.75,43.77,38.90,42.27,36.67,35.69,37.72,33.88,38.59,39.79,44.65,35.41,39.98,34.44,34.72,37.47,49.03,44.07,41.76,33.30,43.04,30.35,34.11,35.83,35.15,40.88,40.41,
2/12,36.62,51.09,43.90,39.88,44.24,34.16,36.90,45.61,31.91,31.72,43.59,39.00,42.29,37.37,35.85,37.35,34.32,38.88,39.30,45.14,35.34,39.61,34.53,34.87,36.99,48.72,43.49,41.99,33.21,42.79,30.36,33.83,36.45,34.88,40.37,39.80,
3/12,36.22,50.19,45.17,39.37,44.69,33.89,36.98,45.27,32.29,32.16,43.16,38.53,42.24,37.04,36.72,36.94,34.12,39.14,38.83,44.76,35.23,39.69,34.93,35.12,36.54,48.05,43.92,43.33,34.14,43.67,30.32,33.77,36.02,34.56,39.81,39.26,
4/12,36.48,49.14,44.75,38.83,44.48,33.63,36.67,45.68,32.29,32.62,42.66,38.45,42.01,36.87,38.90,37.36,34.04,39.37,38.39,44.39,34.95,39.86,35.23,35.59,36.25,48.15,45.23,45.32,35.18,44.52,30.31,33.76,35.70,34.26,39.25,38.82,3.78
5/12,36.93,48.30,44.55,38.39,43.71,33.39,36.95,45.66,32.08,32.57,42.18,38.54,41.49,38.12,40.17,40.03,34.02,39.24,38.31,44.69,34.70,39.57,35.35,36.35,36.22,48.92,46.63,48.31,35.10,46.33,30.26,34.15,35.66,33.99,38.71,38.99,
6/12,36.83,49.28,46.03,37.99,43.17,33.90,37.27,45.36,31.91,32.56,41.91,38.45,41.06,40.14,39.85,41.87,33.87,39.26,38.16,45.09,35.83,39.11,35.32,36.97,36.24,48.90,47.10,49.37,34.77,52.80,30.26,34.49,35.61,33.89,38.20,39.39,
7/12,36.53,50.81,47.38,37.56,43.16,34.39,37.35,45.45,31.80,32.68,43.11,39.04,40.81,40.68,39.71,42.86,34.00,40.56,37.73,44.63,36.96,38.69,35.15,37.06,36.50,48.07,46.97,48.31,34.46,56.89,30.31,34.67,35.58,34.37,37.75,39.52,
8/12,36.42,50.46,46.54,37.12,43.76,34.17,37.42,45.99,31.88,32.70,44.46,39.47,42.77,40.18,39.42,43.75,34.57,42.36,39.24,43.90,36.60,39.46,35.33,37.05,37.01,47.35,47.51,51.18,34.16,55.87,30.30,35.19,35.82,35.31,37.39,39.32,
9/12,36.38,49.49,45.72,36.72,43.89,34.08,37.10,46.08,32.36,32.55,44.12,39.01,44.68,40.37,38.88,43.16,35.10,42.66,41.73,43.63,36.20,40.19,35.46,36.95,37.32,47.17,49.65,53.47,33.89,54.56,30.62,35.27,41.09,35.70,37.06,39.10,
10/12,36.52,48.79,45.25,36.36,43.51,34.33,36.90,45.18,32.78,32.42,44.99,38.54,44.35,41.16,38.49,43.18,35.55,43.11,42.04,44.17,35.85,39.75,35.14,36.80,37.77,46.67,51.14,52.60,33.70,53.52,31.02,34.97,46.55,36.25,37.07,39.01,
11/12,36.70,50.67,45.44,36.06,44.39,34.57,36.87,44.28,32.87,32.34,45.79,38.18,46.17,41.34,38.92,43.61,35.67,43.52,41.30,46.75,36.79,40.69,34.88,37.01,37.99,45.83,50.32,52.30,33.86,53.98,31.04,34.66,46.51,36.81,37.26,38.61,9.48
12/12,37.91,52.75,45.72,35.76,46.65,34.51,36.89,43.55,32.92,32.61,45.25,39.08,47.75,41.33,39.48,43.55,35.51,42.93,40.87,49.43,38.95,41.51,35.11,37.47,37.62,45.03,49.37,52.52,35.24,54.24,31.64,36.15,45.65,36.74,37.39,38.22,
13/12,39.15,52.15,46.50,35.72,48.26,34.44,36.94,43.14,32.90,33.71,45.38,41.46,46.89,41.43,39.86,43.03,35.84,42.70,40.56,50.18,40.27,41.07,35.81,37.47,37.30,44.24,48.54,52.82,36.40,52.93,33.50,37.72,45.55,37.47,37.94,37.88,
14/12,39.52,50.91,48.20,35.66,52.71,34.41,38.03,42.81,32.78,34.97,45.25,42.41,45.86,42.47,40.99,42.26,36.03,44.57,40.11,50.32,40.62,40.79,37.41,37.44,37.73,43.57,47.52,54.26,36.18,51.68,34.47,38.05,45.47,38.84,38.30,37.47,
15/12,39.77,52.63,49.39,35.38,58.58,34.36,45.44,42.45,32.91,35.22,44.40,41.93,44.95,45.78,41.91,41.55,35.72,45.92,39.62,49.78,40.56,40.58,38.66,37.56,38.84,43.04,47.13,60.54,36.23,50.52,34.08,38.17,45.30,39.76,38.49,38.01,
16/12,39.33,54.88,49.14,35.17,60.14,35.92,53.87,44.02,33.06,35.42,43.58,41.60,44.15,47.94,41.72,40.89,35.40,45.34,40.08,48.81,40.36,40.77,38.37,38.08,39.62,42.45,46.95,65.60,36.71,51.43,33.74,37.70,45.07,40.67,39.88,38.60,
17/12,38.77,54.89,48.55,34.90,59.37,37.34,59.36,48.15,32.90,37.16,42.81,41.18,43.39,47.62,41.98,40.29,35.08,45.39,40.92,49.14,40.92,40.83,37.92,38.23,40.04,41.88,47.96,66.84,36.82,52.38,33.43,37.29,44.19,41.66,42.69,38.34,
18/12,38.26,56.92,49.73,35.33,57.96,36.88,61.56,49.88,32.70,38.21,42.10,41.08,42.82,47.09,42.36,39.77,34.82,45.27,40.70,49.32,41.16,40.30,37.52,37.72,41.01,43.80,49.07,66.26,36.61,52.61,33.15,37.00,43.43,41.93,44.12,39.21,5.04
19/12,38.82,58.97,52.21,36.28,56.39,36.48,60.04,48.86,32.48,37.65,41.46,40.92,43.04,48.33,42.95,39.27,34.91,45.68,40.14,48.41,40.48,40.69,37.30,37.47,41.71,47.08,48.36,64.06,36.36,54.05,32.92,36.71,42.71,41.82,43.93,40.81,
20/12,39.92,58.34,54.21,36.46,54.93,36.20,58.25,48.45,32.47,37.16,40.89,41.90,43.09,49.63,44.79,40.30,35.58,45.96,40.09,47.67,39.85,42.06,38.19,37.32,41.62,47.62,47.31,62.36,36.61,54.69,33.17,36.35,42.05,41.50,43.78,41.64,
21/12,39.92,59.13,55.22,37.27,53.46,36.41,56.74,48.97,33.63,36.71,40.49,42.73,42.40,48.91,46.29,41.58,35.85,45.09,41.38,47.11,39.47,43.99,38.83,37.23,42.93,46.66,46.41,61.15,37.18,55.45,34.10,36.42,41.54,41.11,46.31,41.63,
22/12,39.37,62.39,57.84,38.00,52.67,36.68,55.20,48.77,34.60,36.41,40.33,42.04,41.73,48.02,47.45,41.29,35.87,46.41,42.13,46.57,39.68,45.18,38.58,39.47,44.10,45.75,46.71,59.61,37.13,55.55,34.57,36.59,41.73,40.83,48.71,41.20,
23/12,38.91,63.46,59.27,37.52,52.15,36.65,53.78,47.65,34.32,36.64,40.50,41.65,41.22,47.55,47.53,40.73,36.09,50.32,41.50,46.26,40.60,44.79,38.33,41.38,43.60,46.65,47.42,57.98,37.54,56.14,34.89,37.57,42.01,40.51,48.06,40.76,
24/12,38.48,61.80,57.73,37.06,51.22,37.34,52.98,46.61,34.32,40.68,41.17,41.43,41.08,46.89,46.45,40.14,36.05,51.78,40.86,45.88,41.40,44.04,38.03,40.90,42.92,47.48,47.29,57.71,38.00,56.56,36.09,38.34,41.56,40.70,47.23,40.80,
25/12,38.58,60.63,56.53,36.98,50.40,37.87,52.42,47.70,34.62,44.24,41.60,41.10,41.13,46.18,45.55,39.69,36.63,50.90,40.36,45.98,42.07,43.25,37.81,43.19,42.70,46.92,47.54,57.54,38.00,55.77,37.52,37.90,40.92,41.05,46.63,40.92,
26/12,39.00,60.06,56.22,36.89,50.75,37.67,51.51,50.72,34.93,43.93,41.21,41.30,41.61,45.78,45.29,39.35,37.38,50.26,39.91,46.23,42.25,42.49,37.47,49.47,44.08,46.43,48.55,58.05,38.62,55.07,38.16,37.60,40.37,40.73,45.92,40.65,
27/12,39.47,58.74,55.46,36.49,50.89,37.48,50.41,53.42,35.43,43.24,40.66,41.47,41.96,46.64,45.17,39.25,38.70,49.40,39.37,45.60,42.59,41.82,37.07,55.33,45.76,45.86,48.80,60.51,39.21,53.89,39.98,37.31,40.19,40.10,45.77,40.51,
28/12,39.61,57.17,54.72,36.12,50.02,37.16,49.35,54.15,39.70,42.48,40.43,41.04,41.67,48.25,45.33,39.64,40.67,49.27,41.89,45.37,42.89,41.26,37.87,57.49,45.61,45.28,48.89,61.22,39.21,53.22,43.34,36.94,41.59,39.55,45.55,40.24,
29/12,39.65,56.12,54.23,35.98,49.50,36.99,48.42,54.55,49.06,42.08,40.12,40.75,41.38,49.04,46.84,40.17,41.18,49.55,46.04,46.65,42.46,40.92,38.93,57.07,44.68,44.66,48.79,61.12,38.83,52.90,44.43,37.95,43.17,39.08,44.91,39.84,
30/12,39.62,55.29,53.47,36.21,48.78,36.83,47.50,54.74,55.77,41.72,39.67,40.45,42.13,48.71,47.45,40.47,44.29,49.25,47.15,47.80,42.03,40.67,38.85,56.67,43.94,44.09,47.84,62.68,38.43,54.74,43.75,40.55,44.15,39.02,44.33,39.55,
31/12,39.04,55.05,53.00,39.12,48.20,36.49,46.92,53.42,56.71,41.11,39.34,40.21,45.44,47.63,47.53,40.25,49.99,49.10,46.77,47.41,41.63,40.26,39.02,57.65,43.61,43.55,47.31,63.05,38.38,55.86,43.71,42.39,44.74,40.01,43.75,0.00,
