,CORANI,SANTA ISABEL,SAN JOSE 1,SAN JOSE 2,KANATA,MISICUNI,MIGUILLA,ANGOSTURA,CHOQUETANGA,CARABUCO
2019-12-31 00:00:00+00:00,26.680,28.180,38.650,38.650,0.350,10.980,0.680,2.400,3.090,4.030
2020-01-01 00:00:00+00:00,26.680,28.180,38.650,38.650,0.350,10.980,0.680,2.400,3.090,4.030
2020-01-02 00:00:00+00:00,26.680,28.180,38.650,38.650,0.350,10.980,0.680,2.400,3.090,4.030
2020-01-03 00:00:00+00:00,26.683,28.176,38.653,38.653,0.351,10.980,0.675,2.403,3.090,4.033
2020-01-04 00:00:00+00:00,26.683,28.176,38.653,38.653,0.351,10.980,0.675,2.403,3.090,4.033
2020-01-05 00:00:00+00:00,26.683,28.176,38.653,38.653,0.351,10.980,0.675,2.403,3.090,4.033
2020-01-06 00:00:00+00:00,26.683,28.176,38.653,38.653,0.351,10.980,0.675,2.403,3.090,4.033
2020-01-07 00:00:00+00:00,26.683,28.176,38.653,38.653,0.351,10.980,0.675,2.403,3.090,4.033
2020-01-08 00:00:00+00:00,26.683,28.176,38.653,38.653,0.351,10.980,0.675,2.403,3.090,4.033
2020-01-09 00:00:00+00:00,26.683,28.176,38.653,38.653,0.351,10.980,0.675,2.403,3.090,4.033
2020-01-10 00:00:00+00:00,25.349,26.594,38.394,38.394,0.436,15.380,0.722,2.994,4.048,4.717
2020-01-11 00:00:00+00:00,25.349,26.594,38.394,38.394,0.436,15.380,0.722,2.994,4.048,4.717
2020-01-12 00:00:00+00:00,25.349,26.594,38.394,38.394,0.436,15.380,0.722,2.994,4.048,4.717
2020-01-13 00:00:00+00:00,25.349,26.594,38.394,38.394,0.436,15.380,0.722,2.994,4.048,4.717
2020-01-14 00:00:00+00:00,25.349,26.594,38.394,38.394,0.436,15.380,0.722,2.994,4.048,4.717
2020-01-15 00:00:00+00:00,25.349,26.594,38.394,38.394,0.436,15.380,0.722,2.994,4.048,4.717
2020-01-16 00:00:00+00:00,25.349,26.594,38.394,38.394,0.436,15.380,0.722,2.994,4.048,4.717
2020-01-17 00:00:00+00:00,24.626,26.433,40.664,40.664,0.373,9.966,0.839,3.313,4.245,4.957
2020-01-18 00:00:00+00:00,24.626,26.433,40.664,40.664,0.373,9.966,0.839,3.313,4.245,4.957
2020-01-19 00:00:00+00:00,24.626,26.433,40.664,40.664,0.373,9.966,0.839,3.313,4.245,4.957
2020-01-20 00:00:00+00:00,24.626,26.433,40.664,40.664,0.373,9.966,0.839,3.313,4.245,4.957
2020-01-21 00:00:00+00:00,24.626,26.433,40.664,40.664,0.373,9.966,0.839,3.313,4.245,4.957
2020-01-22 00:00:00+00:00,24.626,26.433,40.664,40.664,0.373,9.966,0.839,3.313,4.245,4.957
2020-01-23 00:00:00+00:00,24.626,26.433,40.664,40.664,0.373,9.966,0.839,3.313,4.245,4.957
2020-01-24 00:00:00+00:00,16.804,18.073,32.013,32.013,0.421,10.504,0.718,3.317,4.310,5.043
2020-01-25 00:00:00+00:00,16.804,18.073,32.013,32.013,0.421,10.504,0.718,3.317,4.310,5.043
2020-01-26 00:00:00+00:00,16.804,18.073,32.013,32.013,0.421,10.504,0.718,3.317,4.310,5.043
2020-01-27 00:00:00+00:00,16.804,18.073,32.013,32.013,0.421,10.504,0.718,3.317,4.310,5.043
2020-01-28 00:00:00+00:00,16.804,18.073,32.013,32.013,0.421,10.504,0.718,3.317,4.310,5.043
2020-01-29 00:00:00+00:00,16.804,18.073,32.013,32.013,0.421,10.504,0.718,3.317,4.310,5.043
2020-01-30 00:00:00+00:00,16.804,18.073,32.013,32.013,0.421,10.504,0.718,3.317,4.310,5.043
2020-01-31 00:00:00+00:00,15.611,17.010,27.986,27.986,0.315,6.270,0.481,2.588,3.591,4.414
2020-02-01 00:00:00+00:00,15.611,17.010,27.986,27.986,0.315,6.270,0.481,2.588,3.591,4.414
2020-02-02 00:00:00+00:00,15.611,17.010,27.986,27.986,0.315,6.270,0.481,2.588,3.591,4.414
2020-02-03 00:00:00+00:00,15.611,17.010,27.986,27.986,0.315,6.270,0.481,2.588,3.591,4.414
2020-02-04 00:00:00+00:00,15.611,17.010,27.986,27.986,0.315,6.270,0.481,2.588,3.591,4.414
2020-02-05 00:00:00+00:00,15.611,17.010,27.986,27.986,0.315,6.270,0.481,2.588,3.591,4.414
2020-02-06 00:00:00+00:00,15.611,17.010,27.986,27.986,0.315,6.270,0.481,2.588,3.591,4.414
2020-02-07 00:00:00+00:00,21.674,23.644,38.180,38.180,0.562,11.470,0.509,1.587,2.517,3.643
2020-02-08 00:00:00+00:00,21.674,23.644,38.180,38.180,0.562,11.470,0.509,1.587,2.517,3.643
2020-02-09 00:00:00+00:00,21.674,23.644,38.180,38.180,0.562,11.470,0.509,1.587,2.517,3.643
2020-02-10 00:00:00+00:00,21.674,23.644,38.180,38.180,0.562,11.470,0.509,1.587,2.517,3.643
2020-02-11 00:00:00+00:00,21.674,23.644,38.180,38.180,0.562,11.470,0.509,1.587,2.517,3.643
2020-02-12 00:00:00+00:00,21.674,23.644,38.180,38.180,0.562,11.470,0.509,1.587,2.517,3.643
2020-02-13 00:00:00+00:00,21.674,23.644,38.180,38.180,0.562,11.470,0.509,1.587,2.517,3.643
2020-02-14 00:00:00+00:00,30.944,32.769,46.874,46.874,0.646,21.943,1.500,3.894,5.167,6.160
2020-02-15 00:00:00+00:00,30.944,32.769,46.874,46.874,0.646,21.943,1.500,3.894,5.167,6.160
2020-02-16 00:00:00+00:00,30.944,32.769,46.874,46.874,0.646,21.943,1.500,3.894,5.167,6.160
2020-02-17 00:00:00+00:00,30.944,32.769,46.874,46.874,0.646,21.943,1.500,3.894,5.167,6.160
2020-02-18 00:00:00+00:00,30.944,32.769,46.874,46.874,0.646,21.943,1.500,3.894,5.167,6.160
2020-02-19 00:00:00+00:00,30.944,32.769,46.874,46.874,0.646,21.943,1.500,3.894,5.167,6.160
2020-02-20 00:00:00+00:00,30.944,32.769,46.874,46.874,0.646,21.943,1.500,3.894,5.167,6.160
2020-02-21 00:00:00+00:00,25.611,27.477,42.141,42.141,0.494,14.304,0.718,3.485,4.498,5.135
2020-02-22 00:00:00+00:00,25.611,27.477,42.141,42.141,0.494,14.304,0.718,3.485,4.498,5.135
2020-02-23 00:00:00+00:00,25.611,27.477,42.141,42.141,0.494,14.304,0.718,3.485,4.498,5.135
2020-02-24 00:00:00+00:00,25.611,27.477,42.141,42.141,0.494,14.304,0.718,3.485,4.498,5.135
2020-02-25 00:00:00+00:00,25.611,27.477,42.141,42.141,0.494,14.304,0.718,3.485,4.498,5.135
2020-02-26 00:00:00+00:00,25.611,27.477,42.141,42.141,0.494,14.304,0.718,3.485,4.498,5.135
2020-02-27 00:00:00+00:00,25.611,27.477,42.141,42.141,0.494,14.304,0.718,3.485,4.498,5.135
2020-02-28 00:00:00+00:00,27.819,29.747,44.407,44.407,0.697,20.499,0.944,3.368,4.264,4.896
2020-02-29 00:00:00+00:00,27.819,29.747,44.407,44.407,0.697,20.499,0.944,3.368,4.264,4.896
2020-03-01 00:00:00+00:00,27.819,29.747,44.407,44.407,0.697,20.499,0.944,3.368,4.264,4.896
2020-03-02 00:00:00+00:00,27.819,29.747,44.407,44.407,0.697,20.499,0.944,3.368,4.264,4.896
2020-03-03 00:00:00+00:00,27.819,29.747,44.407,44.407,0.697,20.499,0.944,3.368,4.264,4.896
2020-03-04 00:00:00+00:00,27.819,29.747,44.407,44.407,0.697,20.499,0.944,3.368,4.264,4.896
2020-03-05 00:00:00+00:00,27.819,29.747,44.407,44.407,0.697,20.499,0.944,3.368,4.264,4.896
2020-03-06 00:00:00+00:00,16.537,17.501,29.906,29.906,0.627,5.211,0.455,1.310,2.102,2.727
2020-03-07 00:00:00+00:00,16.537,17.501,29.906,29.906,0.627,5.211,0.455,1.310,2.102,2.727
2020-03-08 00:00:00+00:00,16.537,17.501,29.906,29.906,0.627,5.211,0.455,1.310,2.102,2.727
2020-03-09 00:00:00+00:00,16.537,17.501,29.906,29.906,0.627,5.211,0.455,1.310,2.102,2.727
2020-03-10 00:00:00+00:00,16.537,17.501,29.906,29.906,0.627,5.211,0.455,1.310,2.102,2.727
2020-03-11 00:00:00+00:00,16.537,17.501,29.906,29.906,0.627,5.211,0.455,1.310,2.102,2.727
2020-03-12 00:00:00+00:00,16.537,17.501,29.906,29.906,0.627,5.211,0.455,1.310,2.102,2.727
2020-03-13 00:00:00+00:00,10.170,10.809,19.974,19.974,0.513,3.187,0.410,1.338,2.232,2.794
2020-03-14 00:00:00+00:00,10.170,10.809,19.974,19.974,0.513,3.187,0.410,1.338,2.232,2.794
2020-03-15 00:00:00+00:00,10.170,10.809,19.974,19.974,0.513,3.187,0.410,1.338,2.232,2.794
2020-03-16 00:00:00+00:00,10.170,10.809,19.974,19.974,0.513,3.187,0.410,1.338,2.232,2.794
2020-03-17 00:00:00+00:00,10.170,10.809,19.974,19.974,0.513,3.187,0.410,1.338,2.232,2.794
2020-03-18 00:00:00+00:00,10.170,10.809,19.974,19.974,0.513,3.187,0.410,1.338,2.232,2.794
2020-03-19 00:00:00+00:00,10.170,10.809,19.974,19.974,0.513,3.187,0.410,1.338,2.232,2.794
2020-03-20 00:00:00+00:00,7.807,8.450,16.667,16.667,0.422,5.415,0.538,1.698,2.398,3.013
2020-03-21 00:00:00+00:00,7.807,8.450,16.667,16.667,0.422,5.415,0.538,1.698,2.398,3.013
2020-03-22 00:00:00+00:00,7.807,8.450,16.667,16.667,0.422,5.415,0.538,1.698,2.398,3.013
2020-03-23 00:00:00+00:00,7.807,8.450,16.667,16.667,0.422,5.415,0.538,1.698,2.398,3.013
2020-03-24 00:00:00+00:00,7.807,8.450,16.667,16.667,0.422,5.415,0.538,1.698,2.398,3.013
2020-03-25 00:00:00+00:00,7.807,8.450,16.667,16.667,0.422,5.415,0.538,1.698,2.398,3.013
2020-03-26 00:00:00+00:00,7.807,8.450,16.667,16.667,0.422,5.415,0.538,1.698,2.398,3.013
2020-03-27 00:00:00+00:00,10.574,11.097,19.704,19.704,0.534,7.589,0.465,1.313,2.199,2.871
2020-03-28 00:00:00+00:00,10.574,11.097,19.704,19.704,0.534,7.589,0.465,1.313,2.199,2.871
2020-03-29 00:00:00+00:00,10.574,11.097,19.704,19.704,0.534,7.589,0.465,1.313,2.199,2.871
2020-03-30 00:00:00+00:00,10.574,11.097,19.704,19.704,0.534,7.589,0.465,1.313,2.199,2.871
2020-03-31 00:00:00+00:00,10.574,11.097,19.704,19.704,0.534,7.589,0.465,1.313,2.199,2.871
2020-04-01 00:00:00+00:00,10.574,11.097,19.704,19.704,0.534,7.589,0.465,1.313,2.199,2.871
2020-04-02 00:00:00+00:00,10.574,11.097,19.704,19.704,0.534,7.589,0.465,1.313,2.199,2.871
2020-04-03 00:00:00+00:00,7.931,8.407,17.513,17.513,0.411,6.001,0.591,1.420,2.017,2.685
2020-04-04 00:00:00+00:00,7.931,8.407,17.513,17.513,0.411,6.001,0.591,1.420,2.017,2.685
2020-04-05 00:00:00+00:00,7.931,8.407,17.513,17.513,0.411,6.001,0.591,1.420,2.017,2.685
2020-04-06 00:00:00+00:00,7.931,8.407,17.513,17.513,0.411,6.001,0.591,1.420,2.017,2.685
2020-04-07 00:00:00+00:00,7.931,8.407,17.513,17.513,0.411,6.001,0.591,1.420,2.017,2.685
2020-04-08 00:00:00+00:00,7.931,8.407,17.513,17.513,0.411,6.001,0.591,1.420,2.017,2.685
2020-04-09 00:00:00+00:00,7.931,8.407,17.513,17.513,0.411,6.001,0.591,1.420,2.017,2.685
2020-04-10 00:00:00+00:00,9.809,10.424,19.937,19.937,0.487,6.931,0.408,1.141,1.585,2.360
2020-04-11 00:00:00+00:00,9.809,10.424,19.937,19.937,0.487,6.931,0.408,1.141,1.585,2.360
2020-04-12 00:00:00+00:00,9.809,10.424,19.937,19.937,0.487,6.931,0.408,1.141,1.585,2.360
2020-04-13 00:00:00+00:00,9.809,10.424,19.937,19.937,0.487,6.931,0.408,1.141,1.585,2.360
2020-04-14 00:00:00+00:00,9.809,10.424,19.937,19.937,0.487,6.931,0.408,1.141,1.585,2.360
2020-04-15 00:00:00+00:00,9.809,10.424,19.937,19.937,0.487,6.931,0.408,1.141,1.585,2.360
2020-04-16 00:00:00+00:00,9.809,10.424,19.937,19.937,0.487,6.931,0.408,1.141,1.585,2.360
2020-04-17 00:00:00+00:00,5.417,5.787,13.076,13.076,0.440,4.844,0.259,0.660,1.239,2.242
2020-04-18 00:00:00+00:00,5.417,5.787,13.076,13.076,0.440,4.844,0.259,0.660,1.239,2.242
2020-04-19 00:00:00+00:00,5.417,5.787,13.076,13.076,0.440,4.844,0.259,0.660,1.239,2.242
2020-04-20 00:00:00+00:00,5.417,5.787,13.076,13.076,0.440,4.844,0.259,0.660,1.239,2.242
2020-04-21 00:00:00+00:00,5.417,5.787,13.076,13.076,0.440,4.844,0.259,0.660,1.239,2.242
2020-04-22 00:00:00+00:00,5.417,5.787,13.076,13.076,0.440,4.844,0.259,0.660,1.239,2.242
2020-04-23 00:00:00+00:00,5.417,5.787,13.076,13.076,0.440,4.844,0.259,0.660,1.239,2.242
2020-04-24 00:00:00+00:00,3.879,4.110,9.796,9.796,0.325,4.693,0.299,0.815,1.283,2.271
2020-04-25 00:00:00+00:00,3.879,4.110,9.796,9.796,0.325,4.693,0.299,0.815,1.283,2.271
2020-04-26 00:00:00+00:00,3.879,4.110,9.796,9.796,0.325,4.693,0.299,0.815,1.283,2.271
2020-04-27 00:00:00+00:00,3.879,4.110,9.796,9.796,0.325,4.693,0.299,0.815,1.283,2.271
2020-04-28 00:00:00+00:00,3.879,4.110,9.796,9.796,0.325,4.693,0.299,0.815,1.283,2.271
2020-04-29 00:00:00+00:00,3.879,4.110,9.796,9.796,0.325,4.693,0.299,0.815,1.283,2.271
2020-04-30 00:00:00+00:00,3.879,4.110,9.796,9.796,0.325,4.693,0.299,0.815,1.283,2.271
2020-05-01 00:00:00+00:00,3.076,3.257,8.387,8.387,0.298,3.503,0.216,0.527,0.935,1.855
2020-05-02 00:00:00+00:00,3.076,3.257,8.387,8.387,0.298,3.503,0.216,0.527,0.935,1.855
2020-05-03 00:00:00+00:00,3.076,3.257,8.387,8.387,0.298,3.503,0.216,0.527,0.935,1.855
2020-05-04 00:00:00+00:00,3.076,3.257,8.387,8.387,0.298,3.503,0.216,0.527,0.935,1.855
2020-05-05 00:00:00+00:00,3.076,3.257,8.387,8.387,0.298,3.503,0.216,0.527,0.935,1.855
2020-05-06 00:00:00+00:00,3.076,3.257,8.387,8.387,0.298,3.503,0.216,0.527,0.935,1.855
2020-05-07 00:00:00+00:00,3.076,3.257,8.387,8.387,0.298,3.503,0.216,0.527,0.935,1.855
2020-05-08 00:00:00+00:00,3.187,3.501,9.466,9.466,0.301,1.004,0.180,0.433,0.844,1.649
2020-05-09 00:00:00+00:00,3.187,3.501,9.466,9.466,0.301,1.004,0.180,0.433,0.844,1.649
2020-05-10 00:00:00+00:00,3.187,3.501,9.466,9.466,0.301,1.004,0.180,0.433,0.844,1.649
2020-05-11 00:00:00+00:00,3.187,3.501,9.466,9.466,0.301,1.004,0.180,0.433,0.844,1.649
2020-05-12 00:00:00+00:00,3.187,3.501,9.466,9.466,0.301,1.004,0.180,0.433,0.844,1.649
2020-05-13 00:00:00+00:00,3.187,3.501,9.466,9.466,0.301,1.004,0.180,0.433,0.844,1.649
2020-05-14 00:00:00+00:00,3.187,3.501,9.466,9.466,0.301,1.004,0.180,0.433,0.844,1.649
2020-05-15 00:00:00+00:00,2.037,2.201,7.181,7.181,0.308,3.236,0.170,0.315,0.628,1.365
2020-05-16 00:00:00+00:00,2.037,2.201,7.181,7.181,0.308,3.236,0.170,0.315,0.628,1.365
2020-05-17 00:00:00+00:00,2.037,2.201,7.181,7.181,0.308,3.236,0.170,0.315,0.628,1.365
2020-05-18 00:00:00+00:00,2.037,2.201,7.181,7.181,0.308,3.236,0.170,0.315,0.628,1.365
2020-05-19 00:00:00+00:00,2.037,2.201,7.181,7.181,0.308,3.236,0.170,0.315,0.628,1.365
2020-05-20 00:00:00+00:00,2.037,2.201,7.181,7.181,0.308,3.236,0.170,0.315,0.628,1.365
2020-05-21 00:00:00+00:00,2.037,2.201,7.181,7.181,0.308,3.236,0.170,0.315,0.628,1.365
2020-05-22 00:00:00+00:00,2.297,2.533,6.809,6.809,0.268,0.874,0.137,0.251,0.402,1.134
2020-05-23 00:00:00+00:00,2.297,2.533,6.809,6.809,0.268,0.874,0.137,0.251,0.402,1.134
2020-05-24 00:00:00+00:00,2.297,2.533,6.809,6.809,0.268,0.874,0.137,0.251,0.402,1.134
2020-05-25 00:00:00+00:00,2.297,2.533,6.809,6.809,0.268,0.874,0.137,0.251,0.402,1.134
2020-05-26 00:00:00+00:00,2.297,2.533,6.809,6.809,0.268,0.874,0.137,0.251,0.402,1.134
2020-05-27 00:00:00+00:00,2.297,2.533,6.809,6.809,0.268,0.874,0.137,0.251,0.402,1.134
2020-05-28 00:00:00+00:00,2.297,2.533,6.809,6.809,0.268,0.874,0.137,0.251,0.402,1.134
2020-05-29 00:00:00+00:00,1.297,1.397,5.227,5.227,0.214,0.581,0.147,0.207,0.366,1.046
2020-05-30 00:00:00+00:00,1.297,1.397,5.227,5.227,0.214,0.581,0.147,0.207,0.366,1.046
2020-05-31 00:00:00+00:00,1.297,1.397,5.227,5.227,0.214,0.581,0.147,0.207,0.366,1.046
2020-06-01 00:00:00+00:00,1.297,1.397,5.227,5.227,0.214,0.581,0.147,0.207,0.366,1.046
2020-06-02 00:00:00+00:00,1.297,1.397,5.227,5.227,0.214,0.581,0.147,0.207,0.366,1.046
2020-06-03 00:00:00+00:00,1.297,1.397,5.227,5.227,0.214,0.581,0.147,0.207,0.366,1.046
2020-06-04 00:00:00+00:00,1.297,1.397,5.227,5.227,0.214,0.581,0.147,0.207,0.366,1.046
2020-06-05 00:00:00+00:00,3.407,3.517,7.233,7.233,0.229,0.807,0.125,0.154,0.362,1.059
2020-06-06 00:00:00+00:00,3.407,3.517,7.233,7.233,0.229,0.807,0.125,0.154,0.362,1.059
2020-06-07 00:00:00+00:00,3.407,3.517,7.233,7.233,0.229,0.807,0.125,0.154,0.362,1.059
2020-06-08 00:00:00+00:00,3.407,3.517,7.233,7.233,0.229,0.807,0.125,0.154,0.362,1.059
2020-06-09 00:00:00+00:00,3.407,3.517,7.233,7.233,0.229,0.807,0.125,0.154,0.362,1.059
2020-06-10 00:00:00+00:00,3.407,3.517,7.233,7.233,0.229,0.807,0.125,0.154,0.362,1.059
2020-06-11 00:00:00+00:00,3.407,3.517,7.233,7.233,0.229,0.807,0.125,0.154,0.362,1.059
2020-06-12 00:00:00+00:00,2.427,2.623,6.339,6.339,0.224,0.710,0.127,0.138,0.280,0.947
2020-06-13 00:00:00+00:00,2.427,2.623,6.339,6.339,0.224,0.710,0.127,0.138,0.280,0.947
2020-06-14 00:00:00+00:00,2.427,2.623,6.339,6.339,0.224,0.710,0.127,0.138,0.280,0.947
2020-06-15 00:00:00+00:00,2.427,2.623,6.339,6.339,0.224,0.710,0.127,0.138,0.280,0.947
2020-06-16 00:00:00+00:00,2.427,2.623,6.339,6.339,0.224,0.710,0.127,0.138,0.280,0.947
2020-06-17 00:00:00+00:00,2.427,2.623,6.339,6.339,0.224,0.710,0.127,0.138,0.280,0.947
2020-06-18 00:00:00+00:00,2.427,2.623,6.339,6.339,0.224,0.710,0.127,0.138,0.280,0.947
2020-06-19 00:00:00+00:00,1.604,1.809,5.413,5.413,0.219,0.638,0.115,0.126,0.275,0.946
2020-06-20 00:00:00+00:00,1.604,1.809,5.413,5.413,0.219,0.638,0.115,0.126,0.275,0.946
2020-06-21 00:00:00+00:00,1.604,1.809,5.413,5.413,0.219,0.638,0.115,0.126,0.275,0.946
2020-06-22 00:00:00+00:00,1.604,1.809,5.413,5.413,0.219,0.638,0.115,0.126,0.275,0.946
2020-06-23 00:00:00+00:00,1.604,1.809,5.413,5.413,0.219,0.638,0.115,0.126,0.275,0.946
2020-06-24 00:00:00+00:00,1.604,1.809,5.413,5.413,0.219,0.638,0.115,0.126,0.275,0.946
2020-06-25 00:00:00+00:00,1.604,1.809,5.413,5.413,0.219,0.638,0.115,0.126,0.275,0.946
2020-06-26 00:00:00+00:00,1.001,1.130,4.066,4.066,0.201,0.625,0.085,0.095,0.142,0.835
2020-06-27 00:00:00+00:00,1.001,1.130,4.066,4.066,0.201,0.625,0.085,0.095,0.142,0.835
2020-06-28 00:00:00+00:00,1.001,1.130,4.066,4.066,0.201,0.625,0.085,0.095,0.142,0.835
2020-06-29 00:00:00+00:00,1.001,1.130,4.066,4.066,0.201,0.625,0.085,0.095,0.142,0.835
2020-06-30 00:00:00+00:00,1.001,1.130,4.066,4.066,0.201,0.625,0.085,0.095,0.142,0.835
2020-07-01 00:00:00+00:00,1.001,1.130,4.066,4.066,0.201,0.625,0.085,0.095,0.142,0.835
2020-07-02 00:00:00+00:00,1.001,1.130,4.066,4.066,0.201,0.625,0.085,0.095,0.142,0.835
2020-07-03 00:00:00+00:00,1.051,1.221,3.977,3.977,0.239,0.523,0.048,0.058,0.114,0.688
2020-07-04 00:00:00+00:00,1.051,1.221,3.977,3.977,0.239,0.523,0.048,0.058,0.114,0.688
2020-07-05 00:00:00+00:00,1.051,1.221,3.977,3.977,0.239,0.523,0.048,0.058,0.114,0.688
2020-07-06 00:00:00+00:00,1.051,1.221,3.977,3.977,0.239,0.523,0.048,0.058,0.114,0.688
2020-07-07 00:00:00+00:00,1.051,1.221,3.977,3.977,0.239,0.523,0.048,0.058,0.114,0.688
2020-07-08 00:00:00+00:00,1.051,1.221,3.977,3.977,0.239,0.523,0.048,0.058,0.114,0.688
2020-07-09 00:00:00+00:00,1.051,1.221,3.977,3.977,0.239,0.523,0.048,0.058,0.114,0.688
2020-07-10 00:00:00+00:00,0.899,1.047,3.659,3.659,0.234,0.554,0.081,0.091,0.193,0.853
2020-07-11 00:00:00+00:00,0.899,1.047,3.659,3.659,0.234,0.554,0.081,0.091,0.193,0.853
2020-07-12 00:00:00+00:00,0.899,1.047,3.659,3.659,0.234,0.554,0.081,0.091,0.193,0.853
2020-07-13 00:00:00+00:00,0.899,1.047,3.659,3.659,0.234,0.554,0.081,0.091,0.193,0.853
2020-07-14 00:00:00+00:00,0.899,1.047,3.659,3.659,0.234,0.554,0.081,0.091,0.193,0.853
2020-07-15 00:00:00+00:00,0.899,1.047,3.659,3.659,0.234,0.554,0.081,0.091,0.193,0.853
2020-07-16 00:00:00+00:00,0.899,1.047,3.659,3.659,0.234,0.554,0.081,0.091,0.193,0.853
2020-07-17 00:00:00+00:00,0.661,0.834,3.283,3.283,0.221,0.469,0.084,0.094,0.170,0.802
2020-07-18 00:00:00+00:00,0.661,0.834,3.283,3.283,0.221,0.469,0.084,0.094,0.170,0.802
2020-07-19 00:00:00+00:00,0.661,0.834,3.283,3.283,0.221,0.469,0.084,0.094,0.170,0.802
2020-07-20 00:00:00+00:00,0.661,0.834,3.283,3.283,0.221,0.469,0.084,0.094,0.170,0.802
2020-07-21 00:00:00+00:00,0.661,0.834,3.283,3.283,0.221,0.469,0.084,0.094,0.170,0.802
2020-07-22 00:00:00+00:00,0.661,0.834,3.283,3.283,0.221,0.469,0.084,0.094,0.170,0.802
2020-07-23 00:00:00+00:00,0.661,0.834,3.283,3.283,0.221,0.469,0.084,0.094,0.170,0.802
2020-07-24 00:00:00+00:00,0.887,1.060,3.329,3.329,0.335,0.478,0.053,0.063,0.098,0.771
2020-07-25 00:00:00+00:00,0.887,1.060,3.329,3.329,0.335,0.478,0.053,0.063,0.098,0.771
2020-07-26 00:00:00+00:00,0.887,1.060,3.329,3.329,0.335,0.478,0.053,0.063,0.098,0.771
2020-07-27 00:00:00+00:00,0.887,1.060,3.329,3.329,0.335,0.478,0.053,0.063,0.098,0.771
2020-07-28 00:00:00+00:00,0.887,1.060,3.329,3.329,0.335,0.478,0.053,0.063,0.098,0.771
2020-07-29 00:00:00+00:00,0.887,1.060,3.329,3.329,0.335,0.478,0.053,0.063,0.098,0.771
2020-07-30 00:00:00+00:00,0.887,1.060,3.329,3.329,0.335,0.478,0.053,0.063,0.098,0.771
2020-07-31 00:00:00+00:00,0.634,0.766,2.946,2.946,0.222,0.466,0.068,0.078,0.105,0.690
2020-08-01 00:00:00+00:00,0.634,0.766,2.946,2.946,0.222,0.466,0.068,0.078,0.105,0.690
2020-08-02 00:00:00+00:00,0.634,0.766,2.946,2.946,0.222,0.466,0.068,0.078,0.105,0.690
2020-08-03 00:00:00+00:00,0.634,0.766,2.946,2.946,0.222,0.466,0.068,0.078,0.105,0.690
2020-08-04 00:00:00+00:00,0.634,0.766,2.946,2.946,0.222,0.466,0.068,0.078,0.105,0.690
2020-08-05 00:00:00+00:00,0.634,0.766,2.946,2.946,0.222,0.466,0.068,0.078,0.105,0.690
2020-08-06 00:00:00+00:00,0.634,0.766,2.946,2.946,0.222,0.466,0.068,0.078,0.105,0.690
2020-08-07 00:00:00+00:00,0.483,0.623,2.656,2.656,0.252,0.501,0.060,0.070,0.119,0.716
2020-08-08 00:00:00+00:00,0.483,0.623,2.656,2.656,0.252,0.501,0.060,0.070,0.119,0.716
2020-08-09 00:00:00+00:00,0.483,0.623,2.656,2.656,0.252,0.501,0.060,0.070,0.119,0.716
2020-08-10 00:00:00+00:00,0.483,0.623,2.656,2.656,0.252,0.501,0.060,0.070,0.119,0.716
2020-08-11 00:00:00+00:00,0.483,0.623,2.656,2.656,0.252,0.501,0.060,0.070,0.119,0.716
2020-08-12 00:00:00+00:00,0.483,0.623,2.656,2.656,0.252,0.501,0.060,0.070,0.119,0.716
2020-08-13 00:00:00+00:00,0.483,0.623,2.656,2.656,0.252,0.501,0.060,0.070,0.119,0.716
2020-08-14 00:00:00+00:00,0.431,0.589,2.579,2.579,0.224,0.414,0.111,0.121,0.193,0.760
2020-08-15 00:00:00+00:00,0.431,0.589,2.579,2.579,0.224,0.414,0.111,0.121,0.193,0.760
2020-08-16 00:00:00+00:00,0.431,0.589,2.579,2.579,0.224,0.414,0.111,0.121,0.193,0.760
2020-08-17 00:00:00+00:00,0.431,0.589,2.579,2.579,0.224,0.414,0.111,0.121,0.193,0.760
2020-08-18 00:00:00+00:00,0.431,0.589,2.579,2.579,0.224,0.414,0.111,0.121,0.193,0.760
2020-08-19 00:00:00+00:00,0.431,0.589,2.579,2.579,0.224,0.414,0.111,0.121,0.193,0.760
2020-08-20 00:00:00+00:00,0.431,0.589,2.579,2.579,0.224,0.414,0.111,0.121,0.193,0.760
2020-08-21 00:00:00+00:00,1.461,1.681,4.627,4.627,0.226,0.661,0.116,0.126,0.197,0.821
2020-08-22 00:00:00+00:00,1.461,1.681,4.627,4.627,0.226,0.661,0.116,0.126,0.197,0.821
2020-08-23 00:00:00+00:00,1.461,1.681,4.627,4.627,0.226,0.661,0.116,0.126,0.197,0.821
2020-08-24 00:00:00+00:00,1.461,1.681,4.627,4.627,0.226,0.661,0.116,0.126,0.197,0.821
2020-08-25 00:00:00+00:00,1.461,1.681,4.627,4.627,0.226,0.661,0.116,0.126,0.197,0.821
2020-08-26 00:00:00+00:00,1.461,1.681,4.627,4.627,0.226,0.661,0.116,0.126,0.197,0.821
2020-08-27 00:00:00+00:00,1.461,1.681,4.627,4.627,0.226,0.661,0.116,0.126,0.197,0.821
2020-08-28 00:00:00+00:00,1.054,1.261,3.500,3.500,0.226,0.332,0.116,0.126,0.207,0.688
2020-08-29 00:00:00+00:00,1.054,1.261,3.500,3.500,0.226,0.332,0.116,0.126,0.207,0.688
2020-08-30 00:00:00+00:00,1.054,1.261,3.500,3.500,0.226,0.332,0.116,0.126,0.207,0.688
2020-08-31 00:00:00+00:00,1.054,1.261,3.500,3.500,0.226,0.332,0.116,0.126,0.207,0.688
2020-09-01 00:00:00+00:00,1.054,1.261,3.500,3.500,0.226,0.332,0.116,0.126,0.207,0.688
2020-09-02 00:00:00+00:00,1.054,1.261,3.500,3.500,0.226,0.332,0.116,0.126,0.207,0.688
2020-09-03 00:00:00+00:00,1.054,1.261,3.500,3.500,0.226,0.332,0.116,0.126,0.207,0.688
2020-09-04 00:00:00+00:00,0.749,0.944,2.793,2.793,0.212,0.365,0.105,0.115,0.395,0.794
2020-09-05 00:00:00+00:00,0.749,0.944,2.793,2.793,0.212,0.365,0.105,0.115,0.395,0.794
2020-09-06 00:00:00+00:00,0.749,0.944,2.793,2.793,0.212,0.365,0.105,0.115,0.395,0.794
2020-09-07 00:00:00+00:00,0.749,0.944,2.793,2.793,0.212,0.365,0.105,0.115,0.395,0.794
2020-09-08 00:00:00+00:00,0.749,0.944,2.793,2.793,0.212,0.365,0.105,0.115,0.395,0.794
2020-09-09 00:00:00+00:00,0.749,0.944,2.793,2.793,0.212,0.365,0.105,0.115,0.395,0.794
2020-09-10 00:00:00+00:00,0.749,0.944,2.793,2.793,0.212,0.365,0.105,0.115,0.395,0.794
2020-09-11 00:00:00+00:00,0.416,0.610,2.327,2.327,0.213,0.292,0.142,0.152,0.281,0.666
2020-09-12 00:00:00+00:00,0.416,0.610,2.327,2.327,0.213,0.292,0.142,0.152,0.281,0.666
2020-09-13 00:00:00+00:00,0.416,0.610,2.327,2.327,0.213,0.292,0.142,0.152,0.281,0.666
2020-09-14 00:00:00+00:00,0.416,0.610,2.327,2.327,0.213,0.292,0.142,0.152,0.281,0.666
2020-09-15 00:00:00+00:00,0.416,0.610,2.327,2.327,0.213,0.292,0.142,0.152,0.281,0.666
2020-09-16 00:00:00+00:00,0.416,0.610,2.327,2.327,0.213,0.292,0.142,0.152,0.281,0.666
2020-09-17 00:00:00+00:00,0.416,0.610,2.327,2.327,0.213,0.292,0.142,0.152,0.281,0.666
2020-09-18 00:00:00+00:00,0.773,0.999,2.607,2.607,0.219,0.389,0.108,0.118,0.211,0.592
2020-09-19 00:00:00+00:00,0.773,0.999,2.607,2.607,0.219,0.389,0.108,0.118,0.211,0.592
2020-09-20 00:00:00+00:00,0.773,0.999,2.607,2.607,0.219,0.389,0.108,0.118,0.211,0.592
2020-09-21 00:00:00+00:00,0.773,0.999,2.607,2.607,0.219,0.389,0.108,0.118,0.211,0.592
2020-09-22 00:00:00+00:00,0.773,0.999,2.607,2.607,0.219,0.389,0.108,0.118,0.211,0.592
2020-09-23 00:00:00+00:00,0.773,0.999,2.607,2.607,0.219,0.389,0.108,0.118,0.211,0.592
2020-09-24 00:00:00+00:00,0.773,0.999,2.607,2.607,0.219,0.389,0.108,0.118,0.211,0.592
2020-09-25 00:00:00+00:00,0.763,1.310,2.993,2.993,0.249,0.323,0.113,0.145,0.261,0.683
2020-09-26 00:00:00+00:00,0.763,1.310,2.993,2.993,0.249,0.323,0.113,0.145,0.261,0.683
2020-09-27 00:00:00+00:00,0.763,1.310,2.993,2.993,0.249,0.323,0.113,0.145,0.261,0.683
2020-09-28 00:00:00+00:00,0.763,1.310,2.993,2.993,0.249,0.323,0.113,0.145,0.261,0.683
2020-09-29 00:00:00+00:00,0.763,1.310,2.993,2.993,0.249,0.323,0.113,0.145,0.261,0.683
2020-09-30 00:00:00+00:00,0.763,1.310,2.993,2.993,0.249,0.323,0.113,0.145,0.261,0.683
2020-10-01 00:00:00+00:00,0.763,1.310,2.993,2.993,0.249,0.323,0.113,0.145,0.261,0.683
2020-10-02 00:00:00+00:00,1.604,1.854,4.296,4.296,0.218,0.516,0.088,0.098,0.212,0.600
2020-10-03 00:00:00+00:00,1.604,1.854,4.296,4.296,0.218,0.516,0.088,0.098,0.212,0.600
2020-10-04 00:00:00+00:00,1.604,1.854,4.296,4.296,0.218,0.516,0.088,0.098,0.212,0.600
2020-10-05 00:00:00+00:00,1.604,1.854,4.296,4.296,0.218,0.516,0.088,0.098,0.212,0.600
2020-10-06 00:00:00+00:00,1.604,1.854,4.296,4.296,0.218,0.516,0.088,0.098,0.212,0.600
2020-10-07 00:00:00+00:00,1.604,1.854,4.296,4.296,0.218,0.516,0.088,0.098,0.212,0.600
2020-10-08 00:00:00+00:00,1.604,1.854,4.296,4.296,0.218,0.516,0.088,0.098,0.212,0.600
2020-10-09 00:00:00+00:00,2.041,2.357,4.676,4.676,0.216,1.608,0.114,0.124,0.258,0.701
2020-10-10 00:00:00+00:00,2.041,2.357,4.676,4.676,0.216,1.608,0.114,0.124,0.258,0.701
2020-10-11 00:00:00+00:00,2.041,2.357,4.676,4.676,0.216,1.608,0.114,0.124,0.258,0.701
2020-10-12 00:00:00+00:00,2.041,2.357,4.676,4.676,0.216,1.608,0.114,0.124,0.258,0.701
2020-10-13 00:00:00+00:00,2.041,2.357,4.676,4.676,0.216,1.608,0.114,0.124,0.258,0.701
2020-10-14 00:00:00+00:00,2.041,2.357,4.676,4.676,0.216,1.608,0.114,0.124,0.258,0.701
2020-10-15 00:00:00+00:00,2.041,2.357,4.676,4.676,0.216,1.608,0.114,0.124,0.258,0.701
2020-10-16 00:00:00+00:00,1.411,1.761,3.887,3.887,0.298,1.953,0.106,0.125,0.234,0.601
2020-10-17 00:00:00+00:00,1.411,1.761,3.887,3.887,0.298,1.953,0.106,0.125,0.234,0.601
2020-10-18 00:00:00+00:00,1.411,1.761,3.887,3.887,0.298,1.953,0.106,0.125,0.234,0.601
2020-10-19 00:00:00+00:00,1.411,1.761,3.887,3.887,0.298,1.953,0.106,0.125,0.234,0.601
2020-10-20 00:00:00+00:00,1.411,1.761,3.887,3.887,0.298,1.953,0.106,0.125,0.234,0.601
2020-10-21 00:00:00+00:00,1.411,1.761,3.887,3.887,0.298,1.953,0.106,0.125,0.234,0.601
2020-10-22 00:00:00+00:00,1.411,1.761,3.887,3.887,0.298,1.953,0.106,0.125,0.234,0.601
2020-10-23 00:00:00+00:00,1.926,2.201,4.840,4.840,0.291,1.689,0.221,0.375,0.547,1.126
2020-10-24 00:00:00+00:00,1.926,2.201,4.840,4.840,0.291,1.689,0.221,0.375,0.547,1.126
2020-10-25 00:00:00+00:00,1.926,2.201,4.840,4.840,0.291,1.689,0.221,0.375,0.547,1.126
2020-10-26 00:00:00+00:00,1.926,2.201,4.840,4.840,0.291,1.689,0.221,0.375,0.547,1.126
2020-10-27 00:00:00+00:00,1.926,2.201,4.840,4.840,0.291,1.689,0.221,0.375,0.547,1.126
2020-10-28 00:00:00+00:00,1.926,2.201,4.840,4.840,0.291,1.689,0.221,0.375,0.547,1.126
2020-10-29 00:00:00+00:00,1.926,2.201,4.840,4.840,0.291,1.689,0.221,0.375,0.547,1.126
2020-10-30 00:00:00+00:00,2.226,2.599,5.609,5.609,0.233,1.066,0.151,0.308,0.506,1.073
2020-10-31 00:00:00+00:00,2.226,2.599,5.609,5.609,0.233,1.066,0.151,0.308,0.506,1.073
2020-11-01 00:00:00+00:00,2.226,2.599,5.609,5.609,0.233,1.066,0.151,0.308,0.506,1.073
2020-11-02 00:00:00+00:00,2.226,2.599,5.609,5.609,0.233,1.066,0.151,0.308,0.506,1.073
2020-11-03 00:00:00+00:00,2.226,2.599,5.609,5.609,0.233,1.066,0.151,0.308,0.506,1.073
2020-11-04 00:00:00+00:00,2.226,2.599,5.609,5.609,0.233,1.066,0.151,0.308,0.506,1.073
2020-11-05 00:00:00+00:00,2.226,2.599,5.609,5.609,0.233,1.066,0.151,0.308,0.506,1.073
2020-11-06 00:00:00+00:00,1.530,1.859,4.459,4.459,0.254,0.926,0.177,0.344,0.533,0.921
2020-11-07 00:00:00+00:00,1.530,1.859,4.459,4.459,0.254,0.926,0.177,0.344,0.533,0.921
2020-11-08 00:00:00+00:00,1.530,1.859,4.459,4.459,0.254,0.926,0.177,0.344,0.533,0.921
2020-11-09 00:00:00+00:00,1.530,1.859,4.459,4.459,0.254,0.926,0.177,0.344,0.533,0.921
2020-11-10 00:00:00+00:00,1.530,1.859,4.459,4.459,0.254,0.926,0.177,0.344,0.533,0.921
2020-11-11 00:00:00+00:00,1.530,1.859,4.459,4.459,0.254,0.926,0.177,0.344,0.533,0.921
2020-11-12 00:00:00+00:00,1.530,1.859,4.459,4.459,0.254,0.926,0.177,0.344,0.533,0.921
2020-11-13 00:00:00+00:00,1.310,1.524,3.646,3.646,0.248,0.995,0.148,0.323,0.515,0.789
2020-11-14 00:00:00+00:00,1.310,1.524,3.646,3.646,0.248,0.995,0.148,0.323,0.515,0.789
2020-11-15 00:00:00+00:00,1.310,1.524,3.646,3.646,0.248,0.995,0.148,0.323,0.515,0.789
2020-11-16 00:00:00+00:00,1.310,1.524,3.646,3.646,0.248,0.995,0.148,0.323,0.515,0.789
2020-11-17 00:00:00+00:00,1.310,1.524,3.646,3.646,0.248,0.995,0.148,0.323,0.515,0.789
2020-11-18 00:00:00+00:00,1.310,1.524,3.646,3.646,0.248,0.995,0.148,0.323,0.515,0.789
2020-11-19 00:00:00+00:00,1.310,1.524,3.646,3.646,0.248,0.995,0.148,0.323,0.515,0.789
2020-11-20 00:00:00+00:00,1.083,1.333,3.597,3.597,0.245,1.147,0.174,0.328,0.481,0.839
2020-11-21 00:00:00+00:00,1.083,1.333,3.597,3.597,0.245,1.147,0.174,0.328,0.481,0.839
2020-11-22 00:00:00+00:00,1.083,1.333,3.597,3.597,0.245,1.147,0.174,0.328,0.481,0.839
2020-11-23 00:00:00+00:00,1.083,1.333,3.597,3.597,0.245,1.147,0.174,0.328,0.481,0.839
2020-11-24 00:00:00+00:00,1.083,1.333,3.597,3.597,0.245,1.147,0.174,0.328,0.481,0.839
2020-11-25 00:00:00+00:00,1.083,1.333,3.597,3.597,0.245,1.147,0.174,0.328,0.481,0.839
2020-11-26 00:00:00+00:00,1.083,1.333,3.597,3.597,0.245,1.147,0.174,0.328,0.481,0.839
2020-11-27 00:00:00+00:00,0.700,0.820,3.080,3.080,0.245,0.939,0.178,0.342,0.488,0.865
2020-11-28 00:00:00+00:00,0.700,0.820,3.080,3.080,0.245,0.939,0.178,0.342,0.488,0.865
2020-11-29 00:00:00+00:00,0.700,0.820,3.080,3.080,0.245,0.939,0.178,0.342,0.488,0.865
2020-11-30 00:00:00+00:00,0.700,0.820,3.080,3.080,0.245,0.939,0.178,0.342,0.488,0.865
2020-12-01 00:00:00+00:00,0.700,0.820,3.080,3.080,0.245,0.939,0.178,0.342,0.488,0.865
2020-12-02 00:00:00+00:00,0.700,0.820,3.080,3.080,0.245,0.939,0.178,0.342,0.488,0.865
2020-12-03 00:00:00+00:00,0.700,0.820,3.080,3.080,0.245,0.939,0.178,0.342,0.488,0.865
2020-12-04 00:00:00+00:00,3.784,4.247,6.974,6.974,0.291,1.217,0.299,0.761,1.012,1.352
2020-12-05 00:00:00+00:00,3.784,4.247,6.974,6.974,0.291,1.217,0.299,0.761,1.012,1.352
2020-12-06 00:00:00+00:00,3.784,4.247,6.974,6.974,0.291,1.217,0.299,0.761,1.012,1.352
2020-12-07 00:00:00+00:00,3.784,4.247,6.974,6.974,0.291,1.217,0.299,0.761,1.012,1.352
2020-12-08 00:00:00+00:00,3.784,4.247,6.974,6.974,0.291,1.217,0.299,0.761,1.012,1.352
2020-12-09 00:00:00+00:00,3.784,4.247,6.974,6.974,0.291,1.217,0.299,0.761,1.012,1.352
2020-12-10 00:00:00+00:00,3.784,4.247,6.974,6.974,0.291,1.217,0.299,0.761,1.012,1.352
2020-12-11 00:00:00+00:00,9.480,10.597,17.333,17.333,0.268,1.385,0.419,1.475,1.949,2.609
2020-12-12 00:00:00+00:00,9.480,10.597,17.333,17.333,0.268,1.385,0.419,1.475,1.949,2.609
2020-12-13 00:00:00+00:00,9.480,10.597,17.333,17.333,0.268,1.385,0.419,1.475,1.949,2.609
2020-12-14 00:00:00+00:00,9.480,10.597,17.333,17.333,0.268,1.385,0.419,1.475,1.949,2.609
2020-12-15 00:00:00+00:00,9.480,10.597,17.333,17.333,0.268,1.385,0.419,1.475,1.949,2.609
2020-12-16 00:00:00+00:00,9.480,10.597,17.333,17.333,0.268,1.385,0.419,1.475,1.949,2.609
2020-12-17 00:00:00+00:00,9.480,10.597,17.333,17.333,0.268,1.385,0.419,1.475,1.949,2.609
2020-12-18 00:00:00+00:00,5.039,5.893,11.681,11.681,0.221,1.460,0.205,1.494,1.818,2.593
2020-12-19 00:00:00+00:00,5.039,5.893,11.681,11.681,0.221,1.460,0.205,1.494,1.818,2.593
2020-12-20 00:00:00+00:00,5.039,5.893,11.681,11.681,0.221,1.460,0.205,1.494,1.818,2.593
2020-12-21 00:00:00+00:00,5.039,5.893,11.681,11.681,0.221,1.460,0.205,1.494,1.818,2.593
2020-12-22 00:00:00+00:00,5.039,5.893,11.681,11.681,0.221,1.460,0.205,1.494,1.818,2.593
2020-12-23 00:00:00+00:00,5.039,5.893,11.681,11.681,0.221,1.460,0.205,1.494,1.818,2.593
2020-12-24 00:00:00+00:00,5.039,5.893,11.681,11.681,0.221,1.460,0.205,1.494,1.818,2.593
2020-12-25 00:00:00+00:00,5.039,5.893,11.681,11.681,0.221,1.460,0.205,1.494,1.818,2.593
2020-12-26 00:00:00+00:00,5.039,5.893,11.681,11.681,0.221,1.460,0.205,1.494,1.818,2.593
2020-12-27 00:00:00+00:00,5.039,5.893,11.681,11.681,0.221,1.460,0.205,1.494,1.818,2.593
2020-12-28 00:00:00+00:00,5.039,5.893,11.681,11.681,0.221,1.460,0.205,1.494,1.818,2.593
2020-12-29 00:00:00+00:00,5.039,5.893,11.681,11.681,0.221,1.460,0.205,1.494,1.818,2.593
2020-12-30 00:00:00+00:00,5.039,5.893,11.681,11.681,0.221,1.460,0.205,1.494,1.818,2.593
2020-12-31 00:00:00+00:00,5.040,5.890,11.680,11.680,2.070,0.220,0.200,1.490,1.820,2.590
2021-01-01 00:00:00+00:00,5.040,5.890,11.680,11.680,2.070,0.220,0.200,1.490,1.820,2.590
